"Program","Year","Period","Week Ending","Geo Level","State","State ANSI","Ag District","Ag District Code","County","County ANSI","Zip Code","Region","watershed_code","Watershed","Commodity","Data Item","Domain","Domain Category","Value","CV (%)"
"CENSUS","2017","YEAR","","COUNTY","NORTH CAROLINA","37","CENTRAL COASTAL","80","BEAUFORT","013","","","00000000","","CORN","CORN, GRAIN - ACRES HARVESTED","TOTAL","NOT SPECIFIED","39,819","19.1"
"CENSUS","2017","YEAR","","COUNTY","NORTH CAROLINA","37","CENTRAL COASTAL","80","CARTERET","031","","","00000000","","CORN","CORN, GRAIN - ACRES HARVESTED","TOTAL","NOT SPECIFIED"," (D)","(D)"
"CENSUS","2017","YEAR","","COUNTY","NORTH CAROLINA","37","CENTRAL COASTAL","80","CRAVEN","049","","","00000000","","CORN","CORN, GRAIN - ACRES HARVESTED","TOTAL","NOT SPECIFIED","21,397","19.1"
"CENSUS","2017","YEAR","","COUNTY","NORTH CAROLINA","37","CENTRAL COASTAL","80","GREENE","079","","","00000000","","CORN","CORN, GRAIN - ACRES HARVESTED","TOTAL","NOT SPECIFIED","10,098","19.1"
"CENSUS","2017","YEAR","","COUNTY","NORTH CAROLINA","37","CENTRAL COASTAL","80","HYDE","095","","","00000000","","CORN","CORN, GRAIN - ACRES HARVESTED","TOTAL","NOT SPECIFIED","31,495","19.1"
"CENSUS","2017","YEAR","","COUNTY","NORTH CAROLINA","37","CENTRAL COASTAL","80","JOHNSTON","101","","","00000000","","CORN","CORN, GRAIN - ACRES HARVESTED","TOTAL","NOT SPECIFIED","8,796","19.1"
"CENSUS","2017","YEAR","","COUNTY","NORTH CAROLINA","37","CENTRAL COASTAL","80","JONES","103","","","00000000","","CORN","CORN, GRAIN - ACRES HARVESTED","TOTAL","NOT SPECIFIED","14,015","19.1"
"CENSUS","2017","YEAR","","COUNTY","NORTH CAROLINA","37","CENTRAL COASTAL","80","LENOIR","107","","","00000000","","CORN","CORN, GRAIN - ACRES HARVESTED","TOTAL","NOT SPECIFIED","23,360","19.1"
"CENSUS","2017","YEAR","","COUNTY","NORTH CAROLINA","37","CENTRAL COASTAL","80","PAMLICO","137","","","00000000","","CORN","CORN, GRAIN - ACRES HARVESTED","TOTAL","NOT SPECIFIED","15,434","19.1"
"CENSUS","2017","YEAR","","COUNTY","NORTH CAROLINA","37","CENTRAL COASTAL","80","PITT","147","","","00000000","","CORN","CORN, GRAIN - ACRES HARVESTED","TOTAL","NOT SPECIFIED","26,956","19.1"
"CENSUS","2017","YEAR","","COUNTY","NORTH CAROLINA","37","CENTRAL COASTAL","80","WAYNE","191","","","00000000","","CORN","CORN, GRAIN - ACRES HARVESTED","TOTAL","NOT SPECIFIED","24,767","19.1"
"CENSUS","2017","YEAR","","COUNTY","NORTH CAROLINA","37","CENTRAL COASTAL","80","WILSON","195","","","00000000","","CORN","CORN, GRAIN - ACRES HARVESTED","TOTAL","NOT SPECIFIED","14,237","19.1"
"CENSUS","2017","YEAR","","COUNTY","NORTH CAROLINA","37","CENTRAL PIEDMONT","50","ALEXANDER","003","","","00000000","","CORN","CORN, GRAIN - ACRES HARVESTED","TOTAL","NOT SPECIFIED","958","19.1"
"CENSUS","2017","YEAR","","COUNTY","NORTH CAROLINA","37","CENTRAL PIEDMONT","50","CATAWBA","035","","","00000000","","CORN","CORN, GRAIN - ACRES HARVESTED","TOTAL","NOT SPECIFIED","4,638","19.1"
"CENSUS","2017","YEAR","","COUNTY","NORTH CAROLINA","37","CENTRAL PIEDMONT","50","CHATHAM","037","","","00000000","","CORN","CORN, GRAIN - ACRES HARVESTED","TOTAL","NOT SPECIFIED","1,523","19.1"
"CENSUS","2017","YEAR","","COUNTY","NORTH CAROLINA","37","CENTRAL PIEDMONT","50","DAVIDSON","057","","","00000000","","CORN","CORN, GRAIN - ACRES HARVESTED","TOTAL","NOT SPECIFIED","4,612","19.1"
"CENSUS","2017","YEAR","","COUNTY","NORTH CAROLINA","37","CENTRAL PIEDMONT","50","DAVIE","059","","","00000000","","CORN","CORN, GRAIN - ACRES HARVESTED","TOTAL","NOT SPECIFIED","7,085","19.1"
"CENSUS","2017","YEAR","","COUNTY","NORTH CAROLINA","37","CENTRAL PIEDMONT","50","IREDELL","097","","","00000000","","CORN","CORN, GRAIN - ACRES HARVESTED","TOTAL","NOT SPECIFIED","9,368","19.1"
"CENSUS","2017","YEAR","","COUNTY","NORTH CAROLINA","37","CENTRAL PIEDMONT","50","LEE","105","","","00000000","","CORN","CORN, GRAIN - ACRES HARVESTED","TOTAL","NOT SPECIFIED","1,106","19.1"
"CENSUS","2017","YEAR","","COUNTY","NORTH CAROLINA","37","CENTRAL PIEDMONT","50","RANDOLPH","151","","","00000000","","CORN","CORN, GRAIN - ACRES HARVESTED","TOTAL","NOT SPECIFIED","6,778","19.1"
"CENSUS","2017","YEAR","","COUNTY","NORTH CAROLINA","37","CENTRAL PIEDMONT","50","ROWAN","159","","","00000000","","CORN","CORN, GRAIN - ACRES HARVESTED","TOTAL","NOT SPECIFIED","12,614","19.1"
"CENSUS","2017","YEAR","","COUNTY","NORTH CAROLINA","37","CENTRAL PIEDMONT","50","WAKE","183","","","00000000","","CORN","CORN, GRAIN - ACRES HARVESTED","TOTAL","NOT SPECIFIED","1,067","19.1"
"CENSUS","2017","YEAR","","COUNTY","NORTH CAROLINA","37","NORTHERN COASTAL","70","BERTIE","015","","","00000000","","CORN","CORN, GRAIN - ACRES HARVESTED","TOTAL","NOT SPECIFIED","12,593","19.1"
"CENSUS","2017","YEAR","","COUNTY","NORTH CAROLINA","37","NORTHERN COASTAL","70","CAMDEN","029","","","00000000","","CORN","CORN, GRAIN - ACRES HARVESTED","TOTAL","NOT SPECIFIED","17,123","19.1"
"CENSUS","2017","YEAR","","COUNTY","NORTH CAROLINA","37","NORTHERN COASTAL","70","CHOWAN","041","","","00000000","","CORN","CORN, GRAIN - ACRES HARVESTED","TOTAL","NOT SPECIFIED","4,790","19.1"
"CENSUS","2017","YEAR","","COUNTY","NORTH CAROLINA","37","NORTHERN COASTAL","70","CURRITUCK","053","","","00000000","","CORN","CORN, GRAIN - ACRES HARVESTED","TOTAL","NOT SPECIFIED","11,780","19.1"
"CENSUS","2017","YEAR","","COUNTY","NORTH CAROLINA","37","NORTHERN COASTAL","70","DARE","055","","","00000000","","CORN","CORN, GRAIN - ACRES HARVESTED","TOTAL","NOT SPECIFIED"," (D)","(D)"
"CENSUS","2017","YEAR","","COUNTY","NORTH CAROLINA","37","NORTHERN COASTAL","70","EDGECOMBE","065","","","00000000","","CORN","CORN, GRAIN - ACRES HARVESTED","TOTAL","NOT SPECIFIED","14,622","19.1"
"CENSUS","2017","YEAR","","COUNTY","NORTH CAROLINA","37","NORTHERN COASTAL","70","GATES","073","","","00000000","","CORN","CORN, GRAIN - ACRES HARVESTED","TOTAL","NOT SPECIFIED","4,337","19.1"
"CENSUS","2017","YEAR","","COUNTY","NORTH CAROLINA","37","NORTHERN COASTAL","70","HALIFAX","083","","","00000000","","CORN","CORN, GRAIN - ACRES HARVESTED","TOTAL","NOT SPECIFIED","9,833","19.1"
"CENSUS","2017","YEAR","","COUNTY","NORTH CAROLINA","37","NORTHERN COASTAL","70","HERTFORD","091","","","00000000","","CORN","CORN, GRAIN - ACRES HARVESTED","TOTAL","NOT SPECIFIED","9,063","19.1"
"CENSUS","2017","YEAR","","COUNTY","NORTH CAROLINA","37","NORTHERN COASTAL","70","MARTIN","117","","","00000000","","CORN","CORN, GRAIN - ACRES HARVESTED","TOTAL","NOT SPECIFIED","6,755","19.1"
"CENSUS","2017","YEAR","","COUNTY","NORTH CAROLINA","37","NORTHERN COASTAL","70","NASH","127","","","00000000","","CORN","CORN, GRAIN - ACRES HARVESTED","TOTAL","NOT SPECIFIED","2,614","19.1"
"CENSUS","2017","YEAR","","COUNTY","NORTH CAROLINA","37","NORTHERN COASTAL","70","NORTHAMPTON","131","","","00000000","","CORN","CORN, GRAIN - ACRES HARVESTED","TOTAL","NOT SPECIFIED","9,409","19.1"
"CENSUS","2017","YEAR","","COUNTY","NORTH CAROLINA","37","NORTHERN COASTAL","70","PASQUOTANK","139","","","00000000","","CORN","CORN, GRAIN - ACRES HARVESTED","TOTAL","NOT SPECIFIED","16,141","19.1"
"CENSUS","2017","YEAR","","COUNTY","NORTH CAROLINA","37","NORTHERN COASTAL","70","PERQUIMANS","143","","","00000000","","CORN","CORN, GRAIN - ACRES HARVESTED","TOTAL","NOT SPECIFIED","14,056","19.1"
"CENSUS","2017","YEAR","","COUNTY","NORTH CAROLINA","37","NORTHERN COASTAL","70","TYRRELL","177","","","00000000","","CORN","CORN, GRAIN - ACRES HARVESTED","TOTAL","NOT SPECIFIED","19,063","19.1"
"CENSUS","2017","YEAR","","COUNTY","NORTH CAROLINA","37","NORTHERN COASTAL","70","WASHINGTON","187","","","00000000","","CORN","CORN, GRAIN - ACRES HARVESTED","TOTAL","NOT SPECIFIED","21,094","19.1"
"CENSUS","2017","YEAR","","COUNTY","NORTH CAROLINA","37","NORTHERN MOUNTAIN","10","ALLEGHANY","005","","","00000000","","CORN","CORN, GRAIN - ACRES HARVESTED","TOTAL","NOT SPECIFIED","468","19.1"
"CENSUS","2017","YEAR","","COUNTY","NORTH CAROLINA","37","NORTHERN MOUNTAIN","10","ASHE","009","","","00000000","","CORN","CORN, GRAIN - ACRES HARVESTED","TOTAL","NOT SPECIFIED","119","19.1"
"CENSUS","2017","YEAR","","COUNTY","NORTH CAROLINA","37","NORTHERN MOUNTAIN","10","AVERY","011","","","00000000","","CORN","CORN, GRAIN - ACRES HARVESTED","TOTAL","NOT SPECIFIED","60","19.1"
"CENSUS","2017","YEAR","","COUNTY","NORTH CAROLINA","37","NORTHERN MOUNTAIN","10","CALDWELL","027","","","00000000","","CORN","CORN, GRAIN - ACRES HARVESTED","TOTAL","NOT SPECIFIED","1,004","19.1"
"CENSUS","2017","YEAR","","COUNTY","NORTH CAROLINA","37","NORTHERN MOUNTAIN","10","SURRY","171","","","00000000","","CORN","CORN, GRAIN - ACRES HARVESTED","TOTAL","NOT SPECIFIED","13,069","19.1"
"CENSUS","2017","YEAR","","COUNTY","NORTH CAROLINA","37","NORTHERN MOUNTAIN","10","WATAUGA","189","","","00000000","","CORN","CORN, GRAIN - ACRES HARVESTED","TOTAL","NOT SPECIFIED"," (D)","(D)"
"CENSUS","2017","YEAR","","COUNTY","NORTH CAROLINA","37","NORTHERN MOUNTAIN","10","WILKES","193","","","00000000","","CORN","CORN, GRAIN - ACRES HARVESTED","TOTAL","NOT SPECIFIED","6,557","19.1"
"CENSUS","2017","YEAR","","COUNTY","NORTH CAROLINA","37","NORTHERN MOUNTAIN","10","YADKIN","197","","","00000000","","CORN","CORN, GRAIN - ACRES HARVESTED","TOTAL","NOT SPECIFIED","7,907","19.1"
"CENSUS","2017","YEAR","","COUNTY","NORTH CAROLINA","37","NORTHERN PIEDMONT","40","ALAMANCE","001","","","00000000","","CORN","CORN, GRAIN - ACRES HARVESTED","TOTAL","NOT SPECIFIED","3,203","19.1"
"CENSUS","2017","YEAR","","COUNTY","NORTH CAROLINA","37","NORTHERN PIEDMONT","40","CASWELL","033","","","00000000","","CORN","CORN, GRAIN - ACRES HARVESTED","TOTAL","NOT SPECIFIED","1,533","19.1"
"CENSUS","2017","YEAR","","COUNTY","NORTH CAROLINA","37","NORTHERN PIEDMONT","40","DURHAM","063","","","00000000","","CORN","CORN, GRAIN - ACRES HARVESTED","TOTAL","NOT SPECIFIED","243","19.1"
"CENSUS","2017","YEAR","","COUNTY","NORTH CAROLINA","37","NORTHERN PIEDMONT","40","FORSYTH","067","","","00000000","","CORN","CORN, GRAIN - ACRES HARVESTED","TOTAL","NOT SPECIFIED","887","19.1"
"CENSUS","2017","YEAR","","COUNTY","NORTH CAROLINA","37","NORTHERN PIEDMONT","40","FRANKLIN","069","","","00000000","","CORN","CORN, GRAIN - ACRES HARVESTED","TOTAL","NOT SPECIFIED","1,034","19.1"
"CENSUS","2017","YEAR","","COUNTY","NORTH CAROLINA","37","NORTHERN PIEDMONT","40","GRANVILLE","077","","","00000000","","CORN","CORN, GRAIN - ACRES HARVESTED","TOTAL","NOT SPECIFIED","2,644","19.1"
"CENSUS","2017","YEAR","","COUNTY","NORTH CAROLINA","37","NORTHERN PIEDMONT","40","GUILFORD","081","","","00000000","","CORN","CORN, GRAIN - ACRES HARVESTED","TOTAL","NOT SPECIFIED","2,485","19.1"
"CENSUS","2017","YEAR","","COUNTY","NORTH CAROLINA","37","NORTHERN PIEDMONT","40","ORANGE","135","","","00000000","","CORN","CORN, GRAIN - ACRES HARVESTED","TOTAL","NOT SPECIFIED","3,854","19.1"
"CENSUS","2017","YEAR","","COUNTY","NORTH CAROLINA","37","NORTHERN PIEDMONT","40","PERSON","145","","","00000000","","CORN","CORN, GRAIN - ACRES HARVESTED","TOTAL","NOT SPECIFIED","2,245","19.1"
"CENSUS","2017","YEAR","","COUNTY","NORTH CAROLINA","37","NORTHERN PIEDMONT","40","ROCKINGHAM","157","","","00000000","","CORN","CORN, GRAIN - ACRES HARVESTED","TOTAL","NOT SPECIFIED","984","19.1"
"CENSUS","2017","YEAR","","COUNTY","NORTH CAROLINA","37","NORTHERN PIEDMONT","40","STOKES","169","","","00000000","","CORN","CORN, GRAIN - ACRES HARVESTED","TOTAL","NOT SPECIFIED","1,364","19.1"
"CENSUS","2017","YEAR","","COUNTY","NORTH CAROLINA","37","NORTHERN PIEDMONT","40","VANCE","181","","","00000000","","CORN","CORN, GRAIN - ACRES HARVESTED","TOTAL","NOT SPECIFIED","226","19.1"
"CENSUS","2017","YEAR","","COUNTY","NORTH CAROLINA","37","NORTHERN PIEDMONT","40","WARREN","185","","","00000000","","CORN","CORN, GRAIN - ACRES HARVESTED","TOTAL","NOT SPECIFIED","899","19.1"
"CENSUS","2017","YEAR","","COUNTY","NORTH CAROLINA","37","SOUTHERN COASTAL","90","BLADEN","017","","","00000000","","CORN","CORN, GRAIN - ACRES HARVESTED","TOTAL","NOT SPECIFIED","20,725","19.1"
"CENSUS","2017","YEAR","","COUNTY","NORTH CAROLINA","37","SOUTHERN COASTAL","90","BRUNSWICK","019","","","00000000","","CORN","CORN, GRAIN - ACRES HARVESTED","TOTAL","NOT SPECIFIED","8,505","19.1"
"CENSUS","2017","YEAR","","COUNTY","NORTH CAROLINA","37","SOUTHERN COASTAL","90","COLUMBUS","047","","","00000000","","CORN","CORN, GRAIN - ACRES HARVESTED","TOTAL","NOT SPECIFIED","33,984","19.1"
"CENSUS","2017","YEAR","","COUNTY","NORTH CAROLINA","37","SOUTHERN COASTAL","90","CUMBERLAND","051","","","00000000","","CORN","CORN, GRAIN - ACRES HARVESTED","TOTAL","NOT SPECIFIED","6,721","19.1"
"CENSUS","2017","YEAR","","COUNTY","NORTH CAROLINA","37","SOUTHERN COASTAL","90","DUPLIN","061","","","00000000","","CORN","CORN, GRAIN - ACRES HARVESTED","TOTAL","NOT SPECIFIED","38,905","19.1"
"CENSUS","2017","YEAR","","COUNTY","NORTH CAROLINA","37","SOUTHERN COASTAL","90","HARNETT","085","","","00000000","","CORN","CORN, GRAIN - ACRES HARVESTED","TOTAL","NOT SPECIFIED","3,578","19.1"
"CENSUS","2017","YEAR","","COUNTY","NORTH CAROLINA","37","SOUTHERN COASTAL","90","HOKE","093","","","00000000","","CORN","CORN, GRAIN - ACRES HARVESTED","TOTAL","NOT SPECIFIED","7,385","19.1"
"CENSUS","2017","YEAR","","COUNTY","NORTH CAROLINA","37","SOUTHERN COASTAL","90","ONSLOW","133","","","00000000","","CORN","CORN, GRAIN - ACRES HARVESTED","TOTAL","NOT SPECIFIED","8,099","19.1"
"CENSUS","2017","YEAR","","COUNTY","NORTH CAROLINA","37","SOUTHERN COASTAL","90","PENDER","141","","","00000000","","CORN","CORN, GRAIN - ACRES HARVESTED","TOTAL","NOT SPECIFIED","11,638","19.1"
"CENSUS","2017","YEAR","","COUNTY","NORTH CAROLINA","37","SOUTHERN COASTAL","90","ROBESON","155","","","00000000","","CORN","CORN, GRAIN - ACRES HARVESTED","TOTAL","NOT SPECIFIED","62,492","19.1"
"CENSUS","2017","YEAR","","COUNTY","NORTH CAROLINA","37","SOUTHERN COASTAL","90","SAMPSON","163","","","00000000","","CORN","CORN, GRAIN - ACRES HARVESTED","TOTAL","NOT SPECIFIED","36,268","19.1"
"CENSUS","2017","YEAR","","COUNTY","NORTH CAROLINA","37","SOUTHERN COASTAL","90","SCOTLAND","165","","","00000000","","CORN","CORN, GRAIN - ACRES HARVESTED","TOTAL","NOT SPECIFIED","5,765","19.1"
"CENSUS","2017","YEAR","","COUNTY","NORTH CAROLINA","37","SOUTHERN PIEDMONT","60","ANSON","007","","","00000000","","CORN","CORN, GRAIN - ACRES HARVESTED","TOTAL","NOT SPECIFIED","7,351","19.1"
"CENSUS","2017","YEAR","","COUNTY","NORTH CAROLINA","37","SOUTHERN PIEDMONT","60","CABARRUS","025","","","00000000","","CORN","CORN, GRAIN - ACRES HARVESTED","TOTAL","NOT SPECIFIED","4,486","19.1"
"CENSUS","2017","YEAR","","COUNTY","NORTH CAROLINA","37","SOUTHERN PIEDMONT","60","CLEVELAND","045","","","00000000","","CORN","CORN, GRAIN - ACRES HARVESTED","TOTAL","NOT SPECIFIED","4,092","19.1"
"CENSUS","2017","YEAR","","COUNTY","NORTH CAROLINA","37","SOUTHERN PIEDMONT","60","GASTON","071","","","00000000","","CORN","CORN, GRAIN - ACRES HARVESTED","TOTAL","NOT SPECIFIED","310","19.1"
"CENSUS","2017","YEAR","","COUNTY","NORTH CAROLINA","37","SOUTHERN PIEDMONT","60","LINCOLN","109","","","00000000","","CORN","CORN, GRAIN - ACRES HARVESTED","TOTAL","NOT SPECIFIED","1,494","19.1"
"CENSUS","2017","YEAR","","COUNTY","NORTH CAROLINA","37","SOUTHERN PIEDMONT","60","MECKLENBURG","119","","","00000000","","CORN","CORN, GRAIN - ACRES HARVESTED","TOTAL","NOT SPECIFIED","872","19.1"
"CENSUS","2017","YEAR","","COUNTY","NORTH CAROLINA","37","SOUTHERN PIEDMONT","60","MONTGOMERY","123","","","00000000","","CORN","CORN, GRAIN - ACRES HARVESTED","TOTAL","NOT SPECIFIED","735","19.1"
"CENSUS","2017","YEAR","","COUNTY","NORTH CAROLINA","37","SOUTHERN PIEDMONT","60","MOORE","125","","","00000000","","CORN","CORN, GRAIN - ACRES HARVESTED","TOTAL","NOT SPECIFIED","1,803","19.1"
"CENSUS","2017","YEAR","","COUNTY","NORTH CAROLINA","37","SOUTHERN PIEDMONT","60","RICHMOND","153","","","00000000","","CORN","CORN, GRAIN - ACRES HARVESTED","TOTAL","NOT SPECIFIED","2,200","19.1"
"CENSUS","2017","YEAR","","COUNTY","NORTH CAROLINA","37","SOUTHERN PIEDMONT","60","STANLY","167","","","00000000","","CORN","CORN, GRAIN - ACRES HARVESTED","TOTAL","NOT SPECIFIED","10,615","19.1"
"CENSUS","2017","YEAR","","COUNTY","NORTH CAROLINA","37","SOUTHERN PIEDMONT","60","UNION","179","","","00000000","","CORN","CORN, GRAIN - ACRES HARVESTED","TOTAL","NOT SPECIFIED","35,399","19.1"
"CENSUS","2017","YEAR","","COUNTY","NORTH CAROLINA","37","WESTERN MOUNTAIN","20","BUNCOMBE","021","","","00000000","","CORN","CORN, GRAIN - ACRES HARVESTED","TOTAL","NOT SPECIFIED","429","19.1"
"CENSUS","2017","YEAR","","COUNTY","NORTH CAROLINA","37","WESTERN MOUNTAIN","20","BURKE","023","","","00000000","","CORN","CORN, GRAIN - ACRES HARVESTED","TOTAL","NOT SPECIFIED","1,750","19.1"
"CENSUS","2017","YEAR","","COUNTY","NORTH CAROLINA","37","WESTERN MOUNTAIN","20","CHEROKEE","039","","","00000000","","CORN","CORN, GRAIN - ACRES HARVESTED","TOTAL","NOT SPECIFIED","308","19.1"
"CENSUS","2017","YEAR","","COUNTY","NORTH CAROLINA","37","WESTERN MOUNTAIN","20","CLAY","043","","","00000000","","CORN","CORN, GRAIN - ACRES HARVESTED","TOTAL","NOT SPECIFIED","731","19.1"
"CENSUS","2017","YEAR","","COUNTY","NORTH CAROLINA","37","WESTERN MOUNTAIN","20","GRAHAM","075","","","00000000","","CORN","CORN, GRAIN - ACRES HARVESTED","TOTAL","NOT SPECIFIED","8","19.1"
"CENSUS","2017","YEAR","","COUNTY","NORTH CAROLINA","37","WESTERN MOUNTAIN","20","HAYWOOD","087","","","00000000","","CORN","CORN, GRAIN - ACRES HARVESTED","TOTAL","NOT SPECIFIED","163","19.1"
"CENSUS","2017","YEAR","","COUNTY","NORTH CAROLINA","37","WESTERN MOUNTAIN","20","HENDERSON","089","","","00000000","","CORN","CORN, GRAIN - ACRES HARVESTED","TOTAL","NOT SPECIFIED","4,114","19.1"
"CENSUS","2017","YEAR","","COUNTY","NORTH CAROLINA","37","WESTERN MOUNTAIN","20","JACKSON","099","","","00000000","","CORN","CORN, GRAIN - ACRES HARVESTED","TOTAL","NOT SPECIFIED"," (D)","(D)"
"CENSUS","2017","YEAR","","COUNTY","NORTH CAROLINA","37","WESTERN MOUNTAIN","20","MACON","113","","","00000000","","CORN","CORN, GRAIN - ACRES HARVESTED","TOTAL","NOT SPECIFIED","26","19.1"
"CENSUS","2017","YEAR","","COUNTY","NORTH CAROLINA","37","WESTERN MOUNTAIN","20","MADISON","115","","","00000000","","CORN","CORN, GRAIN - ACRES HARVESTED","TOTAL","NOT SPECIFIED"," (D)","(D)"
"CENSUS","2017","YEAR","","COUNTY","NORTH CAROLINA","37","WESTERN MOUNTAIN","20","MCDOWELL","111","","","00000000","","CORN","CORN, GRAIN - ACRES HARVESTED","TOTAL","NOT SPECIFIED","253","19.1"
"CENSUS","2017","YEAR","","COUNTY","NORTH CAROLINA","37","WESTERN MOUNTAIN","20","MITCHELL","121","","","00000000","","CORN","CORN, GRAIN - ACRES HARVESTED","TOTAL","NOT SPECIFIED","29","19.1"
"CENSUS","2017","YEAR","","COUNTY","NORTH CAROLINA","37","WESTERN MOUNTAIN","20","POLK","149","","","00000000","","CORN","CORN, GRAIN - ACRES HARVESTED","TOTAL","NOT SPECIFIED","18","19.1"
"CENSUS","2017","YEAR","","COUNTY","NORTH CAROLINA","37","WESTERN MOUNTAIN","20","RUTHERFORD","161","","","00000000","","CORN","CORN, GRAIN - ACRES HARVESTED","TOTAL","NOT SPECIFIED","390","19.1"
"CENSUS","2017","YEAR","","COUNTY","NORTH CAROLINA","37","WESTERN MOUNTAIN","20","SWAIN","173","","","00000000","","CORN","CORN, GRAIN - ACRES HARVESTED","TOTAL","NOT SPECIFIED","31","19.1"
"CENSUS","2017","YEAR","","COUNTY","NORTH CAROLINA","37","WESTERN MOUNTAIN","20","TRANSYLVANIA","175","","","00000000","","CORN","CORN, GRAIN - ACRES HARVESTED","TOTAL","NOT SPECIFIED","292","19.1"
"CENSUS","2017","YEAR","","COUNTY","NORTH CAROLINA","37","WESTERN MOUNTAIN","20","YANCEY","199","","","00000000","","CORN","CORN, GRAIN - ACRES HARVESTED","TOTAL","NOT SPECIFIED","194","19.1"
"SURVEY","2018","YEAR","","COUNTY","NORTH CAROLINA","37","CENTRAL COASTAL","80","CRAVEN","049","","","00000000","","CORN","CORN, GRAIN - ACRES HARVESTED","TOTAL","NOT SPECIFIED","18,300",""
"SURVEY","2018","YEAR","","COUNTY","NORTH CAROLINA","37","CENTRAL COASTAL","80","CRAVEN","049","","","00000000","","CORN","CORN, GRAIN - YIELD, MEASURED IN BU / ACRE","TOTAL","NOT SPECIFIED","118.5",""
"SURVEY","2018","YEAR","","COUNTY","NORTH CAROLINA","37","CENTRAL COASTAL","80","GREENE","079","","","00000000","","CORN","CORN, GRAIN - ACRES HARVESTED","TOTAL","NOT SPECIFIED","9,440",""
"SURVEY","2018","YEAR","","COUNTY","NORTH CAROLINA","37","CENTRAL COASTAL","80","GREENE","079","","","00000000","","CORN","CORN, GRAIN - YIELD, MEASURED IN BU / ACRE","TOTAL","NOT SPECIFIED","101.9",""
"SURVEY","2018","YEAR","","COUNTY","NORTH CAROLINA","37","CENTRAL COASTAL","80","HYDE","095","","","00000000","","CORN","CORN, GRAIN - ACRES HARVESTED","TOTAL","NOT SPECIFIED","34,100",""
"SURVEY","2018","YEAR","","COUNTY","NORTH CAROLINA","37","CENTRAL COASTAL","80","HYDE","095","","","00000000","","CORN","CORN, GRAIN - YIELD, MEASURED IN BU / ACRE","TOTAL","NOT SPECIFIED","138.2",""
"SURVEY","2018","YEAR","","COUNTY","NORTH CAROLINA","37","CENTRAL COASTAL","80","JOHNSTON","101","","","00000000","","CORN","CORN, GRAIN - ACRES HARVESTED","TOTAL","NOT SPECIFIED","9,350",""
"SURVEY","2018","YEAR","","COUNTY","NORTH CAROLINA","37","CENTRAL COASTAL","80","JOHNSTON","101","","","00000000","","CORN","CORN, GRAIN - YIELD, MEASURED IN BU / ACRE","TOTAL","NOT SPECIFIED","66",""
"SURVEY","2018","YEAR","","COUNTY","NORTH CAROLINA","37","CENTRAL COASTAL","80","JONES","103","","","00000000","","CORN","CORN, GRAIN - ACRES HARVESTED","TOTAL","NOT SPECIFIED","15,400",""
"SURVEY","2018","YEAR","","COUNTY","NORTH CAROLINA","37","CENTRAL COASTAL","80","JONES","103","","","00000000","","CORN","CORN, GRAIN - YIELD, MEASURED IN BU / ACRE","TOTAL","NOT SPECIFIED","111.3",""
"SURVEY","2018","YEAR","","COUNTY","NORTH CAROLINA","37","CENTRAL COASTAL","80","LENOIR","107","","","00000000","","CORN","CORN, GRAIN - ACRES HARVESTED","TOTAL","NOT SPECIFIED","21,300",""
"SURVEY","2018","YEAR","","COUNTY","NORTH CAROLINA","37","CENTRAL COASTAL","80","LENOIR","107","","","00000000","","CORN","CORN, GRAIN - YIELD, MEASURED IN BU / ACRE","TOTAL","NOT SPECIFIED","116.4",""
"SURVEY","2018","YEAR","","COUNTY","NORTH CAROLINA","37","CENTRAL COASTAL","80","OTHER (COMBINED) COUNTIES","","","","00000000","","CORN","CORN, GRAIN - ACRES HARVESTED","TOTAL","NOT SPECIFIED","59,100",""
"SURVEY","2018","YEAR","","COUNTY","NORTH CAROLINA","37","CENTRAL COASTAL","80","OTHER (COMBINED) COUNTIES","","","","00000000","","CORN","CORN, GRAIN - YIELD, MEASURED IN BU / ACRE","TOTAL","NOT SPECIFIED","99.6",""
"SURVEY","2018","YEAR","","COUNTY","NORTH CAROLINA","37","CENTRAL COASTAL","80","PAMLICO","137","","","00000000","","CORN","CORN, GRAIN - ACRES HARVESTED","TOTAL","NOT SPECIFIED","14,400",""
"SURVEY","2018","YEAR","","COUNTY","NORTH CAROLINA","37","CENTRAL COASTAL","80","PAMLICO","137","","","00000000","","CORN","CORN, GRAIN - YIELD, MEASURED IN BU / ACRE","TOTAL","NOT SPECIFIED","122.4",""
"SURVEY","2018","YEAR","","COUNTY","NORTH CAROLINA","37","CENTRAL COASTAL","80","PITT","147","","","00000000","","CORN","CORN, GRAIN - ACRES HARVESTED","TOTAL","NOT SPECIFIED","20,300",""
"SURVEY","2018","YEAR","","COUNTY","NORTH CAROLINA","37","CENTRAL COASTAL","80","PITT","147","","","00000000","","CORN","CORN, GRAIN - YIELD, MEASURED IN BU / ACRE","TOTAL","NOT SPECIFIED","92.7",""
"SURVEY","2018","YEAR","","COUNTY","NORTH CAROLINA","37","CENTRAL COASTAL","80","WAYNE","191","","","00000000","","CORN","CORN, GRAIN - ACRES HARVESTED","TOTAL","NOT SPECIFIED","24,300",""
"SURVEY","2018","YEAR","","COUNTY","NORTH CAROLINA","37","CENTRAL COASTAL","80","WAYNE","191","","","00000000","","CORN","CORN, GRAIN - YIELD, MEASURED IN BU / ACRE","TOTAL","NOT SPECIFIED","95.8",""
"SURVEY","2018","YEAR","","COUNTY","NORTH CAROLINA","37","CENTRAL COASTAL","80","WILSON","195","","","00000000","","CORN","CORN, GRAIN - ACRES HARVESTED","TOTAL","NOT SPECIFIED","9,010",""
"SURVEY","2018","YEAR","","COUNTY","NORTH CAROLINA","37","CENTRAL COASTAL","80","WILSON","195","","","00000000","","CORN","CORN, GRAIN - YIELD, MEASURED IN BU / ACRE","TOTAL","NOT SPECIFIED","94.1",""
"SURVEY","2018","YEAR","","COUNTY","NORTH CAROLINA","37","CENTRAL PIEDMONT","50","CATAWBA","035","","","00000000","","CORN","CORN, GRAIN - ACRES HARVESTED","TOTAL","NOT SPECIFIED","3,910",""
"SURVEY","2018","YEAR","","COUNTY","NORTH CAROLINA","37","CENTRAL PIEDMONT","50","CATAWBA","035","","","00000000","","CORN","CORN, GRAIN - YIELD, MEASURED IN BU / ACRE","TOTAL","NOT SPECIFIED","144.8",""
"SURVEY","2018","YEAR","","COUNTY","NORTH CAROLINA","37","CENTRAL PIEDMONT","50","CHATHAM","037","","","00000000","","CORN","CORN, GRAIN - ACRES HARVESTED","TOTAL","NOT SPECIFIED","2,550",""
"SURVEY","2018","YEAR","","COUNTY","NORTH CAROLINA","37","CENTRAL PIEDMONT","50","CHATHAM","037","","","00000000","","CORN","CORN, GRAIN - YIELD, MEASURED IN BU / ACRE","TOTAL","NOT SPECIFIED","108.6",""
"SURVEY","2018","YEAR","","COUNTY","NORTH CAROLINA","37","CENTRAL PIEDMONT","50","DAVIDSON","057","","","00000000","","CORN","CORN, GRAIN - ACRES HARVESTED","TOTAL","NOT SPECIFIED","4,980",""
"SURVEY","2018","YEAR","","COUNTY","NORTH CAROLINA","37","CENTRAL PIEDMONT","50","DAVIDSON","057","","","00000000","","CORN","CORN, GRAIN - YIELD, MEASURED IN BU / ACRE","TOTAL","NOT SPECIFIED","85.3",""
"SURVEY","2018","YEAR","","COUNTY","NORTH CAROLINA","37","CENTRAL PIEDMONT","50","DAVIE","059","","","00000000","","CORN","CORN, GRAIN - ACRES HARVESTED","TOTAL","NOT SPECIFIED","5,630",""
"SURVEY","2018","YEAR","","COUNTY","NORTH CAROLINA","37","CENTRAL PIEDMONT","50","DAVIE","059","","","00000000","","CORN","CORN, GRAIN - YIELD, MEASURED IN BU / ACRE","TOTAL","NOT SPECIFIED","107.1",""
"SURVEY","2018","YEAR","","COUNTY","NORTH CAROLINA","37","CENTRAL PIEDMONT","50","IREDELL","097","","","00000000","","CORN","CORN, GRAIN - ACRES HARVESTED","TOTAL","NOT SPECIFIED","8,670",""
"SURVEY","2018","YEAR","","COUNTY","NORTH CAROLINA","37","CENTRAL PIEDMONT","50","IREDELL","097","","","00000000","","CORN","CORN, GRAIN - YIELD, MEASURED IN BU / ACRE","TOTAL","NOT SPECIFIED","102.3",""
"SURVEY","2018","YEAR","","COUNTY","NORTH CAROLINA","37","CENTRAL PIEDMONT","50","OTHER (COMBINED) COUNTIES","","","","00000000","","CORN","CORN, GRAIN - ACRES HARVESTED","TOTAL","NOT SPECIFIED","1,500",""
"SURVEY","2018","YEAR","","COUNTY","NORTH CAROLINA","37","CENTRAL PIEDMONT","50","OTHER (COMBINED) COUNTIES","","","","00000000","","CORN","CORN, GRAIN - YIELD, MEASURED IN BU / ACRE","TOTAL","NOT SPECIFIED","80.3",""
"SURVEY","2018","YEAR","","COUNTY","NORTH CAROLINA","37","CENTRAL PIEDMONT","50","RANDOLPH","151","","","00000000","","CORN","CORN, GRAIN - ACRES HARVESTED","TOTAL","NOT SPECIFIED","4,530",""
"SURVEY","2018","YEAR","","COUNTY","NORTH CAROLINA","37","CENTRAL PIEDMONT","50","RANDOLPH","151","","","00000000","","CORN","CORN, GRAIN - YIELD, MEASURED IN BU / ACRE","TOTAL","NOT SPECIFIED","92.7",""
"SURVEY","2018","YEAR","","COUNTY","NORTH CAROLINA","37","CENTRAL PIEDMONT","50","ROWAN","159","","","00000000","","CORN","CORN, GRAIN - ACRES HARVESTED","TOTAL","NOT SPECIFIED","8,750",""
"SURVEY","2018","YEAR","","COUNTY","NORTH CAROLINA","37","CENTRAL PIEDMONT","50","ROWAN","159","","","00000000","","CORN","CORN, GRAIN - YIELD, MEASURED IN BU / ACRE","TOTAL","NOT SPECIFIED","107.9",""
"SURVEY","2018","YEAR","","COUNTY","NORTH CAROLINA","37","CENTRAL PIEDMONT","50","WAKE","183","","","00000000","","CORN","CORN, GRAIN - ACRES HARVESTED","TOTAL","NOT SPECIFIED","480",""
"SURVEY","2018","YEAR","","COUNTY","NORTH CAROLINA","37","CENTRAL PIEDMONT","50","WAKE","183","","","00000000","","CORN","CORN, GRAIN - YIELD, MEASURED IN BU / ACRE","TOTAL","NOT SPECIFIED","42.7",""
"SURVEY","2018","YEAR","","COUNTY","NORTH CAROLINA","37","NORTHERN COASTAL","70","BERTIE","015","","","00000000","","CORN","CORN, GRAIN - ACRES HARVESTED","TOTAL","NOT SPECIFIED","10,000",""
"SURVEY","2018","YEAR","","COUNTY","NORTH CAROLINA","37","NORTHERN COASTAL","70","BERTIE","015","","","00000000","","CORN","CORN, GRAIN - YIELD, MEASURED IN BU / ACRE","TOTAL","NOT SPECIFIED","129.4",""
"SURVEY","2018","YEAR","","COUNTY","NORTH CAROLINA","37","NORTHERN COASTAL","70","CAMDEN","029","","","00000000","","CORN","CORN, GRAIN - ACRES HARVESTED","TOTAL","NOT SPECIFIED","17,100",""
"SURVEY","2018","YEAR","","COUNTY","NORTH CAROLINA","37","NORTHERN COASTAL","70","CAMDEN","029","","","00000000","","CORN","CORN, GRAIN - YIELD, MEASURED IN BU / ACRE","TOTAL","NOT SPECIFIED","168.1",""
"SURVEY","2018","YEAR","","COUNTY","NORTH CAROLINA","37","NORTHERN COASTAL","70","CHOWAN","041","","","00000000","","CORN","CORN, GRAIN - ACRES HARVESTED","TOTAL","NOT SPECIFIED","4,300",""
"SURVEY","2018","YEAR","","COUNTY","NORTH CAROLINA","37","NORTHERN COASTAL","70","CHOWAN","041","","","00000000","","CORN","CORN, GRAIN - YIELD, MEASURED IN BU / ACRE","TOTAL","NOT SPECIFIED","145.3",""
"SURVEY","2018","YEAR","","COUNTY","NORTH CAROLINA","37","NORTHERN COASTAL","70","CURRITUCK","053","","","00000000","","CORN","CORN, GRAIN - ACRES HARVESTED","TOTAL","NOT SPECIFIED","12,400",""
"SURVEY","2018","YEAR","","COUNTY","NORTH CAROLINA","37","NORTHERN COASTAL","70","CURRITUCK","053","","","00000000","","CORN","CORN, GRAIN - YIELD, MEASURED IN BU / ACRE","TOTAL","NOT SPECIFIED","141.1",""
"SURVEY","2018","YEAR","","COUNTY","NORTH CAROLINA","37","NORTHERN COASTAL","70","EDGECOMBE","065","","","00000000","","CORN","CORN, GRAIN - ACRES HARVESTED","TOTAL","NOT SPECIFIED","11,800",""
"SURVEY","2018","YEAR","","COUNTY","NORTH CAROLINA","37","NORTHERN COASTAL","70","EDGECOMBE","065","","","00000000","","CORN","CORN, GRAIN - YIELD, MEASURED IN BU / ACRE","TOTAL","NOT SPECIFIED","97.3",""
"SURVEY","2018","YEAR","","COUNTY","NORTH CAROLINA","37","NORTHERN COASTAL","70","GATES","073","","","00000000","","CORN","CORN, GRAIN - ACRES HARVESTED","TOTAL","NOT SPECIFIED","6,210",""
"SURVEY","2018","YEAR","","COUNTY","NORTH CAROLINA","37","NORTHERN COASTAL","70","GATES","073","","","00000000","","CORN","CORN, GRAIN - YIELD, MEASURED IN BU / ACRE","TOTAL","NOT SPECIFIED","137.8",""
"SURVEY","2018","YEAR","","COUNTY","NORTH CAROLINA","37","NORTHERN COASTAL","70","HALIFAX","083","","","00000000","","CORN","CORN, GRAIN - ACRES HARVESTED","TOTAL","NOT SPECIFIED","6,960",""
"SURVEY","2018","YEAR","","COUNTY","NORTH CAROLINA","37","NORTHERN COASTAL","70","HALIFAX","083","","","00000000","","CORN","CORN, GRAIN - YIELD, MEASURED IN BU / ACRE","TOTAL","NOT SPECIFIED","113.4",""
"SURVEY","2018","YEAR","","COUNTY","NORTH CAROLINA","37","NORTHERN COASTAL","70","HERTFORD","091","","","00000000","","CORN","CORN, GRAIN - ACRES HARVESTED","TOTAL","NOT SPECIFIED","8,570",""
"SURVEY","2018","YEAR","","COUNTY","NORTH CAROLINA","37","NORTHERN COASTAL","70","HERTFORD","091","","","00000000","","CORN","CORN, GRAIN - YIELD, MEASURED IN BU / ACRE","TOTAL","NOT SPECIFIED","134.5",""
"SURVEY","2018","YEAR","","COUNTY","NORTH CAROLINA","37","NORTHERN COASTAL","70","MARTIN","117","","","00000000","","CORN","CORN, GRAIN - ACRES HARVESTED","TOTAL","NOT SPECIFIED","4,880",""
"SURVEY","2018","YEAR","","COUNTY","NORTH CAROLINA","37","NORTHERN COASTAL","70","MARTIN","117","","","00000000","","CORN","CORN, GRAIN - YIELD, MEASURED IN BU / ACRE","TOTAL","NOT SPECIFIED","90.8",""
"SURVEY","2018","YEAR","","COUNTY","NORTH CAROLINA","37","NORTHERN COASTAL","70","NORTHAMPTON","131","","","00000000","","CORN","CORN, GRAIN - ACRES HARVESTED","TOTAL","NOT SPECIFIED","9,600",""
"SURVEY","2018","YEAR","","COUNTY","NORTH CAROLINA","37","NORTHERN COASTAL","70","NORTHAMPTON","131","","","00000000","","CORN","CORN, GRAIN - YIELD, MEASURED IN BU / ACRE","TOTAL","NOT SPECIFIED","120.7",""
"SURVEY","2018","YEAR","","COUNTY","NORTH CAROLINA","37","NORTHERN COASTAL","70","OTHER (COMBINED) COUNTIES","","","","00000000","","CORN","CORN, GRAIN - ACRES HARVESTED","TOTAL","NOT SPECIFIED","3,380",""
"SURVEY","2018","YEAR","","COUNTY","NORTH CAROLINA","37","NORTHERN COASTAL","70","OTHER (COMBINED) COUNTIES","","","","00000000","","CORN","CORN, GRAIN - YIELD, MEASURED IN BU / ACRE","TOTAL","NOT SPECIFIED","88.5",""
"SURVEY","2018","YEAR","","COUNTY","NORTH CAROLINA","37","NORTHERN COASTAL","70","PASQUOTANK","139","","","00000000","","CORN","CORN, GRAIN - ACRES HARVESTED","TOTAL","NOT SPECIFIED","16,300",""
"SURVEY","2018","YEAR","","COUNTY","NORTH CAROLINA","37","NORTHERN COASTAL","70","PASQUOTANK","139","","","00000000","","CORN","CORN, GRAIN - YIELD, MEASURED IN BU / ACRE","TOTAL","NOT SPECIFIED","161.2",""
"SURVEY","2018","YEAR","","COUNTY","NORTH CAROLINA","37","NORTHERN COASTAL","70","PERQUIMANS","143","","","00000000","","CORN","CORN, GRAIN - ACRES HARVESTED","TOTAL","NOT SPECIFIED","12,900",""
"SURVEY","2018","YEAR","","COUNTY","NORTH CAROLINA","37","NORTHERN COASTAL","70","PERQUIMANS","143","","","00000000","","CORN","CORN, GRAIN - YIELD, MEASURED IN BU / ACRE","TOTAL","NOT SPECIFIED","135.1",""
"SURVEY","2018","YEAR","","COUNTY","NORTH CAROLINA","37","NORTHERN COASTAL","70","TYRRELL","177","","","00000000","","CORN","CORN, GRAIN - ACRES HARVESTED","TOTAL","NOT SPECIFIED","24,400",""
"SURVEY","2018","YEAR","","COUNTY","NORTH CAROLINA","37","NORTHERN COASTAL","70","TYRRELL","177","","","00000000","","CORN","CORN, GRAIN - YIELD, MEASURED IN BU / ACRE","TOTAL","NOT SPECIFIED","136.1",""
"SURVEY","2018","YEAR","","COUNTY","NORTH CAROLINA","37","NORTHERN COASTAL","70","WASHINGTON","187","","","00000000","","CORN","CORN, GRAIN - ACRES HARVESTED","TOTAL","NOT SPECIFIED","30,200",""
"SURVEY","2018","YEAR","","COUNTY","NORTH CAROLINA","37","NORTHERN COASTAL","70","WASHINGTON","187","","","00000000","","CORN","CORN, GRAIN - YIELD, MEASURED IN BU / ACRE","TOTAL","NOT SPECIFIED","136.9",""
"SURVEY","2018","YEAR","","COUNTY","NORTH CAROLINA","37","NORTHERN MOUNTAIN","10","OTHER (COMBINED) COUNTIES","","","","00000000","","CORN","CORN, GRAIN - ACRES HARVESTED","TOTAL","NOT SPECIFIED","1,700",""
"SURVEY","2018","YEAR","","COUNTY","NORTH CAROLINA","37","NORTHERN MOUNTAIN","10","OTHER (COMBINED) COUNTIES","","","","00000000","","CORN","CORN, GRAIN - YIELD, MEASURED IN BU / ACRE","TOTAL","NOT SPECIFIED","135.9",""
"SURVEY","2018","YEAR","","COUNTY","NORTH CAROLINA","37","NORTHERN MOUNTAIN","10","SURRY","171","","","00000000","","CORN","CORN, GRAIN - ACRES HARVESTED","TOTAL","NOT SPECIFIED","10,800",""
"SURVEY","2018","YEAR","","COUNTY","NORTH CAROLINA","37","NORTHERN MOUNTAIN","10","SURRY","171","","","00000000","","CORN","CORN, GRAIN - YIELD, MEASURED IN BU / ACRE","TOTAL","NOT SPECIFIED","163.4",""
"SURVEY","2018","YEAR","","COUNTY","NORTH CAROLINA","37","NORTHERN MOUNTAIN","10","WILKES","193","","","00000000","","CORN","CORN, GRAIN - ACRES HARVESTED","TOTAL","NOT SPECIFIED","4,000",""
"SURVEY","2018","YEAR","","COUNTY","NORTH CAROLINA","37","NORTHERN MOUNTAIN","10","WILKES","193","","","00000000","","CORN","CORN, GRAIN - YIELD, MEASURED IN BU / ACRE","TOTAL","NOT SPECIFIED","152.3",""
"SURVEY","2018","YEAR","","COUNTY","NORTH CAROLINA","37","NORTHERN MOUNTAIN","10","YADKIN","197","","","00000000","","CORN","CORN, GRAIN - ACRES HARVESTED","TOTAL","NOT SPECIFIED","11,100",""
"SURVEY","2018","YEAR","","COUNTY","NORTH CAROLINA","37","NORTHERN MOUNTAIN","10","YADKIN","197","","","00000000","","CORN","CORN, GRAIN - YIELD, MEASURED IN BU / ACRE","TOTAL","NOT SPECIFIED","126.6",""
"SURVEY","2018","YEAR","","COUNTY","NORTH CAROLINA","37","NORTHERN PIEDMONT","40","ALAMANCE","001","","","00000000","","CORN","CORN, GRAIN - ACRES HARVESTED","TOTAL","NOT SPECIFIED","2,810",""
"SURVEY","2018","YEAR","","COUNTY","NORTH CAROLINA","37","NORTHERN PIEDMONT","40","ALAMANCE","001","","","00000000","","CORN","CORN, GRAIN - YIELD, MEASURED IN BU / ACRE","TOTAL","NOT SPECIFIED","89",""
"SURVEY","2018","YEAR","","COUNTY","NORTH CAROLINA","37","NORTHERN PIEDMONT","40","FRANKLIN","069","","","00000000","","CORN","CORN, GRAIN - ACRES HARVESTED","TOTAL","NOT SPECIFIED","1,700",""
"SURVEY","2018","YEAR","","COUNTY","NORTH CAROLINA","37","NORTHERN PIEDMONT","40","FRANKLIN","069","","","00000000","","CORN","CORN, GRAIN - YIELD, MEASURED IN BU / ACRE","TOTAL","NOT SPECIFIED","106.2",""
"SURVEY","2018","YEAR","","COUNTY","NORTH CAROLINA","37","NORTHERN PIEDMONT","40","GRANVILLE","077","","","00000000","","CORN","CORN, GRAIN - ACRES HARVESTED","TOTAL","NOT SPECIFIED","1,410",""
"SURVEY","2018","YEAR","","COUNTY","NORTH CAROLINA","37","NORTHERN PIEDMONT","40","GRANVILLE","077","","","00000000","","CORN","CORN, GRAIN - YIELD, MEASURED IN BU / ACRE","TOTAL","NOT SPECIFIED","91.3",""
"SURVEY","2018","YEAR","","COUNTY","NORTH CAROLINA","37","NORTHERN PIEDMONT","40","GUILFORD","081","","","00000000","","CORN","CORN, GRAIN - ACRES HARVESTED","TOTAL","NOT SPECIFIED","2,620",""
"SURVEY","2018","YEAR","","COUNTY","NORTH CAROLINA","37","NORTHERN PIEDMONT","40","GUILFORD","081","","","00000000","","CORN","CORN, GRAIN - YIELD, MEASURED IN BU / ACRE","TOTAL","NOT SPECIFIED","86.6",""
"SURVEY","2018","YEAR","","COUNTY","NORTH CAROLINA","37","NORTHERN PIEDMONT","40","ORANGE","135","","","00000000","","CORN","CORN, GRAIN - ACRES HARVESTED","TOTAL","NOT SPECIFIED","2,290",""
"SURVEY","2018","YEAR","","COUNTY","NORTH CAROLINA","37","NORTHERN PIEDMONT","40","ORANGE","135","","","00000000","","CORN","CORN, GRAIN - YIELD, MEASURED IN BU / ACRE","TOTAL","NOT SPECIFIED","122.3",""
"SURVEY","2018","YEAR","","COUNTY","NORTH CAROLINA","37","NORTHERN PIEDMONT","40","OTHER (COMBINED) COUNTIES","","","","00000000","","CORN","CORN, GRAIN - ACRES HARVESTED","TOTAL","NOT SPECIFIED","3,010",""
"SURVEY","2018","YEAR","","COUNTY","NORTH CAROLINA","37","NORTHERN PIEDMONT","40","OTHER (COMBINED) COUNTIES","","","","00000000","","CORN","CORN, GRAIN - YIELD, MEASURED IN BU / ACRE","TOTAL","NOT SPECIFIED","116.2",""
"SURVEY","2018","YEAR","","COUNTY","NORTH CAROLINA","37","NORTHERN PIEDMONT","40","PERSON","145","","","00000000","","CORN","CORN, GRAIN - ACRES HARVESTED","TOTAL","NOT SPECIFIED","2,100",""
"SURVEY","2018","YEAR","","COUNTY","NORTH CAROLINA","37","NORTHERN PIEDMONT","40","PERSON","145","","","00000000","","CORN","CORN, GRAIN - YIELD, MEASURED IN BU / ACRE","TOTAL","NOT SPECIFIED","95.7",""
"SURVEY","2018","YEAR","","COUNTY","NORTH CAROLINA","37","NORTHERN PIEDMONT","40","ROCKINGHAM","157","","","00000000","","CORN","CORN, GRAIN - ACRES HARVESTED","TOTAL","NOT SPECIFIED","1,520",""
"SURVEY","2018","YEAR","","COUNTY","NORTH CAROLINA","37","NORTHERN PIEDMONT","40","ROCKINGHAM","157","","","00000000","","CORN","CORN, GRAIN - YIELD, MEASURED IN BU / ACRE","TOTAL","NOT SPECIFIED","110",""
"SURVEY","2018","YEAR","","COUNTY","NORTH CAROLINA","37","NORTHERN PIEDMONT","40","STOKES","169","","","00000000","","CORN","CORN, GRAIN - ACRES HARVESTED","TOTAL","NOT SPECIFIED","1,400",""
"SURVEY","2018","YEAR","","COUNTY","NORTH CAROLINA","37","NORTHERN PIEDMONT","40","STOKES","169","","","00000000","","CORN","CORN, GRAIN - YIELD, MEASURED IN BU / ACRE","TOTAL","NOT SPECIFIED","100",""
"SURVEY","2018","YEAR","","COUNTY","NORTH CAROLINA","37","NORTHERN PIEDMONT","40","WARREN","185","","","00000000","","CORN","CORN, GRAIN - ACRES HARVESTED","TOTAL","NOT SPECIFIED","2,040",""
"SURVEY","2018","YEAR","","COUNTY","NORTH CAROLINA","37","NORTHERN PIEDMONT","40","WARREN","185","","","00000000","","CORN","CORN, GRAIN - YIELD, MEASURED IN BU / ACRE","TOTAL","NOT SPECIFIED","86.1",""
"SURVEY","2018","YEAR","","COUNTY","NORTH CAROLINA","37","SOUTHERN COASTAL","90","BLADEN","017","","","00000000","","CORN","CORN, GRAIN - ACRES HARVESTED","TOTAL","NOT SPECIFIED","23,200",""
"SURVEY","2018","YEAR","","COUNTY","NORTH CAROLINA","37","SOUTHERN COASTAL","90","BLADEN","017","","","00000000","","CORN","CORN, GRAIN - YIELD, MEASURED IN BU / ACRE","TOTAL","NOT SPECIFIED","108.9",""
"SURVEY","2018","YEAR","","COUNTY","NORTH CAROLINA","37","SOUTHERN COASTAL","90","BRUNSWICK","019","","","00000000","","CORN","CORN, GRAIN - ACRES HARVESTED","TOTAL","NOT SPECIFIED","7,100",""
"SURVEY","2018","YEAR","","COUNTY","NORTH CAROLINA","37","SOUTHERN COASTAL","90","BRUNSWICK","019","","","00000000","","CORN","CORN, GRAIN - YIELD, MEASURED IN BU / ACRE","TOTAL","NOT SPECIFIED","123.4",""
"SURVEY","2018","YEAR","","COUNTY","NORTH CAROLINA","37","SOUTHERN COASTAL","90","CUMBERLAND","051","","","00000000","","CORN","CORN, GRAIN - ACRES HARVESTED","TOTAL","NOT SPECIFIED","10,000",""
"SURVEY","2018","YEAR","","COUNTY","NORTH CAROLINA","37","SOUTHERN COASTAL","90","CUMBERLAND","051","","","00000000","","CORN","CORN, GRAIN - YIELD, MEASURED IN BU / ACRE","TOTAL","NOT SPECIFIED","105",""
"SURVEY","2018","YEAR","","COUNTY","NORTH CAROLINA","37","SOUTHERN COASTAL","90","DUPLIN","061","","","00000000","","CORN","CORN, GRAIN - ACRES HARVESTED","TOTAL","NOT SPECIFIED","43,700",""
"SURVEY","2018","YEAR","","COUNTY","NORTH CAROLINA","37","SOUTHERN COASTAL","90","DUPLIN","061","","","00000000","","CORN","CORN, GRAIN - YIELD, MEASURED IN BU / ACRE","TOTAL","NOT SPECIFIED","96.3",""
"SURVEY","2018","YEAR","","COUNTY","NORTH CAROLINA","37","SOUTHERN COASTAL","90","HARNETT","085","","","00000000","","CORN","CORN, GRAIN - ACRES HARVESTED","TOTAL","NOT SPECIFIED","4,710",""
"SURVEY","2018","YEAR","","COUNTY","NORTH CAROLINA","37","SOUTHERN COASTAL","90","HARNETT","085","","","00000000","","CORN","CORN, GRAIN - YIELD, MEASURED IN BU / ACRE","TOTAL","NOT SPECIFIED","58.8",""
"SURVEY","2018","YEAR","","COUNTY","NORTH CAROLINA","37","SOUTHERN COASTAL","90","ONSLOW","133","","","00000000","","CORN","CORN, GRAIN - ACRES HARVESTED","TOTAL","NOT SPECIFIED","10,200",""
"SURVEY","2018","YEAR","","COUNTY","NORTH CAROLINA","37","SOUTHERN COASTAL","90","ONSLOW","133","","","00000000","","CORN","CORN, GRAIN - YIELD, MEASURED IN BU / ACRE","TOTAL","NOT SPECIFIED","92.6",""
"SURVEY","2018","YEAR","","COUNTY","NORTH CAROLINA","37","SOUTHERN COASTAL","90","OTHER (COMBINED) COUNTIES","","","","00000000","","CORN","CORN, GRAIN - ACRES HARVESTED","TOTAL","NOT SPECIFIED","62,790",""
"SURVEY","2018","YEAR","","COUNTY","NORTH CAROLINA","37","SOUTHERN COASTAL","90","OTHER (COMBINED) COUNTIES","","","","00000000","","CORN","CORN, GRAIN - YIELD, MEASURED IN BU / ACRE","TOTAL","NOT SPECIFIED","113.6",""
"SURVEY","2018","YEAR","","COUNTY","NORTH CAROLINA","37","SOUTHERN COASTAL","90","ROBESON","155","","","00000000","","CORN","CORN, GRAIN - ACRES HARVESTED","TOTAL","NOT SPECIFIED","57,100",""
"SURVEY","2018","YEAR","","COUNTY","NORTH CAROLINA","37","SOUTHERN COASTAL","90","ROBESON","155","","","00000000","","CORN","CORN, GRAIN - YIELD, MEASURED IN BU / ACRE","TOTAL","NOT SPECIFIED","111.9",""
"SURVEY","2018","YEAR","","COUNTY","NORTH CAROLINA","37","SOUTHERN COASTAL","90","SAMPSON","163","","","00000000","","CORN","CORN, GRAIN - ACRES HARVESTED","TOTAL","NOT SPECIFIED","33,200",""
"SURVEY","2018","YEAR","","COUNTY","NORTH CAROLINA","37","SOUTHERN COASTAL","90","SAMPSON","163","","","00000000","","CORN","CORN, GRAIN - YIELD, MEASURED IN BU / ACRE","TOTAL","NOT SPECIFIED","95.4",""
"SURVEY","2018","YEAR","","COUNTY","NORTH CAROLINA","37","SOUTHERN PIEDMONT","60","ANSON","007","","","00000000","","CORN","CORN, GRAIN - ACRES HARVESTED","TOTAL","NOT SPECIFIED","9,800",""
"SURVEY","2018","YEAR","","COUNTY","NORTH CAROLINA","37","SOUTHERN PIEDMONT","60","ANSON","007","","","00000000","","CORN","CORN, GRAIN - YIELD, MEASURED IN BU / ACRE","TOTAL","NOT SPECIFIED","96.1",""
"SURVEY","2018","YEAR","","COUNTY","NORTH CAROLINA","37","SOUTHERN PIEDMONT","60","CABARRUS","025","","","00000000","","CORN","CORN, GRAIN - ACRES HARVESTED","TOTAL","NOT SPECIFIED","4,220",""
"SURVEY","2018","YEAR","","COUNTY","NORTH CAROLINA","37","SOUTHERN PIEDMONT","60","CABARRUS","025","","","00000000","","CORN","CORN, GRAIN - YIELD, MEASURED IN BU / ACRE","TOTAL","NOT SPECIFIED","124.4",""
"SURVEY","2018","YEAR","","COUNTY","NORTH CAROLINA","37","SOUTHERN PIEDMONT","60","CLEVELAND","045","","","00000000","","CORN","CORN, GRAIN - ACRES HARVESTED","TOTAL","NOT SPECIFIED","4,240",""
"SURVEY","2018","YEAR","","COUNTY","NORTH CAROLINA","37","SOUTHERN PIEDMONT","60","CLEVELAND","045","","","00000000","","CORN","CORN, GRAIN - YIELD, MEASURED IN BU / ACRE","TOTAL","NOT SPECIFIED","126.9",""
"SURVEY","2018","YEAR","","COUNTY","NORTH CAROLINA","37","SOUTHERN PIEDMONT","60","GASTON","071","","","00000000","","CORN","CORN, GRAIN - ACRES HARVESTED","TOTAL","NOT SPECIFIED","520",""
"SURVEY","2018","YEAR","","COUNTY","NORTH CAROLINA","37","SOUTHERN PIEDMONT","60","GASTON","071","","","00000000","","CORN","CORN, GRAIN - YIELD, MEASURED IN BU / ACRE","TOTAL","NOT SPECIFIED","87.9",""
"SURVEY","2018","YEAR","","COUNTY","NORTH CAROLINA","37","SOUTHERN PIEDMONT","60","LINCOLN","109","","","00000000","","CORN","CORN, GRAIN - ACRES HARVESTED","TOTAL","NOT SPECIFIED","1,150",""
"SURVEY","2018","YEAR","","COUNTY","NORTH CAROLINA","37","SOUTHERN PIEDMONT","60","LINCOLN","109","","","00000000","","CORN","CORN, GRAIN - YIELD, MEASURED IN BU / ACRE","TOTAL","NOT SPECIFIED","122.6",""
"SURVEY","2018","YEAR","","COUNTY","NORTH CAROLINA","37","SOUTHERN PIEDMONT","60","OTHER (COMBINED) COUNTIES","","","","00000000","","CORN","CORN, GRAIN - ACRES HARVESTED","TOTAL","NOT SPECIFIED","6,970",""
"SURVEY","2018","YEAR","","COUNTY","NORTH CAROLINA","37","SOUTHERN PIEDMONT","60","OTHER (COMBINED) COUNTIES","","","","00000000","","CORN","CORN, GRAIN - YIELD, MEASURED IN BU / ACRE","TOTAL","NOT SPECIFIED","86",""
"SURVEY","2018","YEAR","","COUNTY","NORTH CAROLINA","37","SOUTHERN PIEDMONT","60","STANLY","167","","","00000000","","CORN","CORN, GRAIN - ACRES HARVESTED","TOTAL","NOT SPECIFIED","11,100",""
"SURVEY","2018","YEAR","","COUNTY","NORTH CAROLINA","37","SOUTHERN PIEDMONT","60","STANLY","167","","","00000000","","CORN","CORN, GRAIN - YIELD, MEASURED IN BU / ACRE","TOTAL","NOT SPECIFIED","96.8",""
"SURVEY","2018","YEAR","","COUNTY","NORTH CAROLINA","37","SOUTHERN PIEDMONT","60","UNION","179","","","00000000","","CORN","CORN, GRAIN - ACRES HARVESTED","TOTAL","NOT SPECIFIED","30,000",""
"SURVEY","2018","YEAR","","COUNTY","NORTH CAROLINA","37","SOUTHERN PIEDMONT","60","UNION","179","","","00000000","","CORN","CORN, GRAIN - YIELD, MEASURED IN BU / ACRE","TOTAL","NOT SPECIFIED","85",""
"SURVEY","2018","YEAR","","COUNTY","NORTH CAROLINA","37","WESTERN MOUNTAIN","20","BURKE","023","","","00000000","","CORN","CORN, GRAIN - ACRES HARVESTED","TOTAL","NOT SPECIFIED","860",""
"SURVEY","2018","YEAR","","COUNTY","NORTH CAROLINA","37","WESTERN MOUNTAIN","20","BURKE","023","","","00000000","","CORN","CORN, GRAIN - YIELD, MEASURED IN BU / ACRE","TOTAL","NOT SPECIFIED","105.6",""
"SURVEY","2018","YEAR","","COUNTY","NORTH CAROLINA","37","WESTERN MOUNTAIN","20","HENDERSON","089","","","00000000","","CORN","CORN, GRAIN - ACRES HARVESTED","TOTAL","NOT SPECIFIED","2,100",""
"SURVEY","2018","YEAR","","COUNTY","NORTH CAROLINA","37","WESTERN MOUNTAIN","20","HENDERSON","089","","","00000000","","CORN","CORN, GRAIN - YIELD, MEASURED IN BU / ACRE","TOTAL","NOT SPECIFIED","114.8",""
"SURVEY","2018","YEAR","","COUNTY","NORTH CAROLINA","37","WESTERN MOUNTAIN","20","OTHER (COMBINED) COUNTIES","","","","00000000","","CORN","CORN, GRAIN - ACRES HARVESTED","TOTAL","NOT SPECIFIED","2,360",""
"SURVEY","2018","YEAR","","COUNTY","NORTH CAROLINA","37","WESTERN MOUNTAIN","20","OTHER (COMBINED) COUNTIES","","","","00000000","","CORN","CORN, GRAIN - YIELD, MEASURED IN BU / ACRE","TOTAL","NOT SPECIFIED","155",""
"SURVEY","2018","YEAR","","COUNTY","NORTH CAROLINA","37","WESTERN MOUNTAIN","20","RUTHERFORD","161","","","00000000","","CORN","CORN, GRAIN - ACRES HARVESTED","TOTAL","NOT SPECIFIED","700",""
"SURVEY","2018","YEAR","","COUNTY","NORTH CAROLINA","37","WESTERN MOUNTAIN","20","RUTHERFORD","161","","","00000000","","CORN","CORN, GRAIN - YIELD, MEASURED IN BU / ACRE","TOTAL","NOT SPECIFIED","113.4",""
"SURVEY","2018","YEAR","","COUNTY","NORTH CAROLINA","37","WESTERN MOUNTAIN","20","TRANSYLVANIA","175","","","00000000","","CORN","CORN, GRAIN - ACRES HARVESTED","TOTAL","NOT SPECIFIED","480",""
"SURVEY","2018","YEAR","","COUNTY","NORTH CAROLINA","37","WESTERN MOUNTAIN","20","TRANSYLVANIA","175","","","00000000","","CORN","CORN, GRAIN - YIELD, MEASURED IN BU / ACRE","TOTAL","NOT SPECIFIED","166.7",""
"SURVEY","2017","YEAR","","COUNTY","NORTH CAROLINA","37","CENTRAL COASTAL","80","BEAUFORT","013","","","00000000","","CORN","CORN, GRAIN - ACRES HARVESTED","TOTAL","NOT SPECIFIED","42,500",""
"SURVEY","2017","YEAR","","COUNTY","NORTH CAROLINA","37","CENTRAL COASTAL","80","BEAUFORT","013","","","00000000","","CORN","CORN, GRAIN - YIELD, MEASURED IN BU / ACRE","TOTAL","NOT SPECIFIED","165",""
"SURVEY","2017","YEAR","","COUNTY","NORTH CAROLINA","37","CENTRAL COASTAL","80","CRAVEN","049","","","00000000","","CORN","CORN, GRAIN - ACRES HARVESTED","TOTAL","NOT SPECIFIED","18,800",""
"SURVEY","2017","YEAR","","COUNTY","NORTH CAROLINA","37","CENTRAL COASTAL","80","CRAVEN","049","","","00000000","","CORN","CORN, GRAIN - YIELD, MEASURED IN BU / ACRE","TOTAL","NOT SPECIFIED","145.5",""
"SURVEY","2017","YEAR","","COUNTY","NORTH CAROLINA","37","CENTRAL COASTAL","80","HYDE","095","","","00000000","","CORN","CORN, GRAIN - ACRES HARVESTED","TOTAL","NOT SPECIFIED","33,700",""
"SURVEY","2017","YEAR","","COUNTY","NORTH CAROLINA","37","CENTRAL COASTAL","80","HYDE","095","","","00000000","","CORN","CORN, GRAIN - YIELD, MEASURED IN BU / ACRE","TOTAL","NOT SPECIFIED","168",""
"SURVEY","2017","YEAR","","COUNTY","NORTH CAROLINA","37","CENTRAL COASTAL","80","JOHNSTON","101","","","00000000","","CORN","CORN, GRAIN - ACRES HARVESTED","TOTAL","NOT SPECIFIED","8,500",""
"SURVEY","2017","YEAR","","COUNTY","NORTH CAROLINA","37","CENTRAL COASTAL","80","JOHNSTON","101","","","00000000","","CORN","CORN, GRAIN - YIELD, MEASURED IN BU / ACRE","TOTAL","NOT SPECIFIED","132.5",""
"SURVEY","2017","YEAR","","COUNTY","NORTH CAROLINA","37","CENTRAL COASTAL","80","JONES","103","","","00000000","","CORN","CORN, GRAIN - ACRES HARVESTED","TOTAL","NOT SPECIFIED","15,100",""
"SURVEY","2017","YEAR","","COUNTY","NORTH CAROLINA","37","CENTRAL COASTAL","80","JONES","103","","","00000000","","CORN","CORN, GRAIN - YIELD, MEASURED IN BU / ACRE","TOTAL","NOT SPECIFIED","152.4",""
"SURVEY","2017","YEAR","","COUNTY","NORTH CAROLINA","37","CENTRAL COASTAL","80","LENOIR","107","","","00000000","","CORN","CORN, GRAIN - ACRES HARVESTED","TOTAL","NOT SPECIFIED","23,500",""
"SURVEY","2017","YEAR","","COUNTY","NORTH CAROLINA","37","CENTRAL COASTAL","80","LENOIR","107","","","00000000","","CORN","CORN, GRAIN - YIELD, MEASURED IN BU / ACRE","TOTAL","NOT SPECIFIED","132.4",""
"SURVEY","2017","YEAR","","COUNTY","NORTH CAROLINA","37","CENTRAL COASTAL","80","OTHER (COMBINED) COUNTIES","","","","00000000","","CORN","CORN, GRAIN - ACRES HARVESTED","TOTAL","NOT SPECIFIED","28,600",""
"SURVEY","2017","YEAR","","COUNTY","NORTH CAROLINA","37","CENTRAL COASTAL","80","OTHER (COMBINED) COUNTIES","","","","00000000","","CORN","CORN, GRAIN - YIELD, MEASURED IN BU / ACRE","TOTAL","NOT SPECIFIED","134.8",""
"SURVEY","2017","YEAR","","COUNTY","NORTH CAROLINA","37","CENTRAL COASTAL","80","PAMLICO","137","","","00000000","","CORN","CORN, GRAIN - ACRES HARVESTED","TOTAL","NOT SPECIFIED","15,500",""
"SURVEY","2017","YEAR","","COUNTY","NORTH CAROLINA","37","CENTRAL COASTAL","80","PAMLICO","137","","","00000000","","CORN","CORN, GRAIN - YIELD, MEASURED IN BU / ACRE","TOTAL","NOT SPECIFIED","167.7",""
"SURVEY","2017","YEAR","","COUNTY","NORTH CAROLINA","37","CENTRAL COASTAL","80","PITT","147","","","00000000","","CORN","CORN, GRAIN - ACRES HARVESTED","TOTAL","NOT SPECIFIED","24,200",""
"SURVEY","2017","YEAR","","COUNTY","NORTH CAROLINA","37","CENTRAL COASTAL","80","PITT","147","","","00000000","","CORN","CORN, GRAIN - YIELD, MEASURED IN BU / ACRE","TOTAL","NOT SPECIFIED","131.8",""
"SURVEY","2017","YEAR","","COUNTY","NORTH CAROLINA","37","CENTRAL COASTAL","80","WAYNE","191","","","00000000","","CORN","CORN, GRAIN - ACRES HARVESTED","TOTAL","NOT SPECIFIED","23,400",""
"SURVEY","2017","YEAR","","COUNTY","NORTH CAROLINA","37","CENTRAL COASTAL","80","WAYNE","191","","","00000000","","CORN","CORN, GRAIN - YIELD, MEASURED IN BU / ACRE","TOTAL","NOT SPECIFIED","128.3",""
"SURVEY","2017","YEAR","","COUNTY","NORTH CAROLINA","37","CENTRAL COASTAL","80","WILSON","195","","","00000000","","CORN","CORN, GRAIN - ACRES HARVESTED","TOTAL","NOT SPECIFIED","10,200",""
"SURVEY","2017","YEAR","","COUNTY","NORTH CAROLINA","37","CENTRAL COASTAL","80","WILSON","195","","","00000000","","CORN","CORN, GRAIN - YIELD, MEASURED IN BU / ACRE","TOTAL","NOT SPECIFIED","129.4",""
"SURVEY","2017","YEAR","","COUNTY","NORTH CAROLINA","37","CENTRAL PIEDMONT","50","ALEXANDER","003","","","00000000","","CORN","CORN, GRAIN - ACRES HARVESTED","TOTAL","NOT SPECIFIED","660",""
"SURVEY","2017","YEAR","","COUNTY","NORTH CAROLINA","37","CENTRAL PIEDMONT","50","ALEXANDER","003","","","00000000","","CORN","CORN, GRAIN - YIELD, MEASURED IN BU / ACRE","TOTAL","NOT SPECIFIED","132",""
"SURVEY","2017","YEAR","","COUNTY","NORTH CAROLINA","37","CENTRAL PIEDMONT","50","CATAWBA","035","","","00000000","","CORN","CORN, GRAIN - ACRES HARVESTED","TOTAL","NOT SPECIFIED","3,150",""
"SURVEY","2017","YEAR","","COUNTY","NORTH CAROLINA","37","CENTRAL PIEDMONT","50","CATAWBA","035","","","00000000","","CORN","CORN, GRAIN - YIELD, MEASURED IN BU / ACRE","TOTAL","NOT SPECIFIED","157.1",""
"SURVEY","2017","YEAR","","COUNTY","NORTH CAROLINA","37","CENTRAL PIEDMONT","50","CHATHAM","037","","","00000000","","CORN","CORN, GRAIN - ACRES HARVESTED","TOTAL","NOT SPECIFIED","1,980",""
"SURVEY","2017","YEAR","","COUNTY","NORTH CAROLINA","37","CENTRAL PIEDMONT","50","CHATHAM","037","","","00000000","","CORN","CORN, GRAIN - YIELD, MEASURED IN BU / ACRE","TOTAL","NOT SPECIFIED","130.8",""
"SURVEY","2017","YEAR","","COUNTY","NORTH CAROLINA","37","CENTRAL PIEDMONT","50","DAVIDSON","057","","","00000000","","CORN","CORN, GRAIN - ACRES HARVESTED","TOTAL","NOT SPECIFIED","5,270",""
"SURVEY","2017","YEAR","","COUNTY","NORTH CAROLINA","37","CENTRAL PIEDMONT","50","DAVIDSON","057","","","00000000","","CORN","CORN, GRAIN - YIELD, MEASURED IN BU / ACRE","TOTAL","NOT SPECIFIED","122",""
"SURVEY","2017","YEAR","","COUNTY","NORTH CAROLINA","37","CENTRAL PIEDMONT","50","DAVIE","059","","","00000000","","CORN","CORN, GRAIN - ACRES HARVESTED","TOTAL","NOT SPECIFIED","4,950",""
"SURVEY","2017","YEAR","","COUNTY","NORTH CAROLINA","37","CENTRAL PIEDMONT","50","DAVIE","059","","","00000000","","CORN","CORN, GRAIN - YIELD, MEASURED IN BU / ACRE","TOTAL","NOT SPECIFIED","142.8",""
"SURVEY","2017","YEAR","","COUNTY","NORTH CAROLINA","37","CENTRAL PIEDMONT","50","OTHER (COMBINED) COUNTIES","","","","00000000","","CORN","CORN, GRAIN - ACRES HARVESTED","TOTAL","NOT SPECIFIED","13,560",""
"SURVEY","2017","YEAR","","COUNTY","NORTH CAROLINA","37","CENTRAL PIEDMONT","50","OTHER (COMBINED) COUNTIES","","","","00000000","","CORN","CORN, GRAIN - YIELD, MEASURED IN BU / ACRE","TOTAL","NOT SPECIFIED","150.3",""
"SURVEY","2017","YEAR","","COUNTY","NORTH CAROLINA","37","CENTRAL PIEDMONT","50","RANDOLPH","151","","","00000000","","CORN","CORN, GRAIN - ACRES HARVESTED","TOTAL","NOT SPECIFIED","3,880",""
"SURVEY","2017","YEAR","","COUNTY","NORTH CAROLINA","37","CENTRAL PIEDMONT","50","RANDOLPH","151","","","00000000","","CORN","CORN, GRAIN - YIELD, MEASURED IN BU / ACRE","TOTAL","NOT SPECIFIED","119.6",""
"SURVEY","2017","YEAR","","COUNTY","NORTH CAROLINA","37","CENTRAL PIEDMONT","50","ROWAN","159","","","00000000","","CORN","CORN, GRAIN - ACRES HARVESTED","TOTAL","NOT SPECIFIED","8,250",""
"SURVEY","2017","YEAR","","COUNTY","NORTH CAROLINA","37","CENTRAL PIEDMONT","50","ROWAN","159","","","00000000","","CORN","CORN, GRAIN - YIELD, MEASURED IN BU / ACRE","TOTAL","NOT SPECIFIED","144.7",""
"SURVEY","2017","YEAR","","COUNTY","NORTH CAROLINA","37","CENTRAL PIEDMONT","50","WAKE","183","","","00000000","","CORN","CORN, GRAIN - ACRES HARVESTED","TOTAL","NOT SPECIFIED","300",""
"SURVEY","2017","YEAR","","COUNTY","NORTH CAROLINA","37","CENTRAL PIEDMONT","50","WAKE","183","","","00000000","","CORN","CORN, GRAIN - YIELD, MEASURED IN BU / ACRE","TOTAL","NOT SPECIFIED","83",""
"SURVEY","2017","YEAR","","COUNTY","NORTH CAROLINA","37","NORTHERN COASTAL","70","BERTIE","015","","","00000000","","CORN","CORN, GRAIN - ACRES HARVESTED","TOTAL","NOT SPECIFIED","9,910",""
"SURVEY","2017","YEAR","","COUNTY","NORTH CAROLINA","37","NORTHERN COASTAL","70","BERTIE","015","","","00000000","","CORN","CORN, GRAIN - YIELD, MEASURED IN BU / ACRE","TOTAL","NOT SPECIFIED","137.5",""
"SURVEY","2017","YEAR","","COUNTY","NORTH CAROLINA","37","NORTHERN COASTAL","70","CAMDEN","029","","","00000000","","CORN","CORN, GRAIN - ACRES HARVESTED","TOTAL","NOT SPECIFIED","19,300",""
"SURVEY","2017","YEAR","","COUNTY","NORTH CAROLINA","37","NORTHERN COASTAL","70","CAMDEN","029","","","00000000","","CORN","CORN, GRAIN - YIELD, MEASURED IN BU / ACRE","TOTAL","NOT SPECIFIED","183.3",""
"SURVEY","2017","YEAR","","COUNTY","NORTH CAROLINA","37","NORTHERN COASTAL","70","CHOWAN","041","","","00000000","","CORN","CORN, GRAIN - ACRES HARVESTED","TOTAL","NOT SPECIFIED","4,700",""
"SURVEY","2017","YEAR","","COUNTY","NORTH CAROLINA","37","NORTHERN COASTAL","70","CHOWAN","041","","","00000000","","CORN","CORN, GRAIN - YIELD, MEASURED IN BU / ACRE","TOTAL","NOT SPECIFIED","144.3",""
"SURVEY","2017","YEAR","","COUNTY","NORTH CAROLINA","37","NORTHERN COASTAL","70","CURRITUCK","053","","","00000000","","CORN","CORN, GRAIN - ACRES HARVESTED","TOTAL","NOT SPECIFIED","10,300",""
"SURVEY","2017","YEAR","","COUNTY","NORTH CAROLINA","37","NORTHERN COASTAL","70","CURRITUCK","053","","","00000000","","CORN","CORN, GRAIN - YIELD, MEASURED IN BU / ACRE","TOTAL","NOT SPECIFIED","161.6",""
"SURVEY","2017","YEAR","","COUNTY","NORTH CAROLINA","37","NORTHERN COASTAL","70","EDGECOMBE","065","","","00000000","","CORN","CORN, GRAIN - ACRES HARVESTED","TOTAL","NOT SPECIFIED","14,400",""
"SURVEY","2017","YEAR","","COUNTY","NORTH CAROLINA","37","NORTHERN COASTAL","70","EDGECOMBE","065","","","00000000","","CORN","CORN, GRAIN - YIELD, MEASURED IN BU / ACRE","TOTAL","NOT SPECIFIED","122",""
"SURVEY","2017","YEAR","","COUNTY","NORTH CAROLINA","37","NORTHERN COASTAL","70","GATES","073","","","00000000","","CORN","CORN, GRAIN - ACRES HARVESTED","TOTAL","NOT SPECIFIED","4,800",""
"SURVEY","2017","YEAR","","COUNTY","NORTH CAROLINA","37","NORTHERN COASTAL","70","GATES","073","","","00000000","","CORN","CORN, GRAIN - YIELD, MEASURED IN BU / ACRE","TOTAL","NOT SPECIFIED","141.7",""
"SURVEY","2017","YEAR","","COUNTY","NORTH CAROLINA","37","NORTHERN COASTAL","70","HALIFAX","083","","","00000000","","CORN","CORN, GRAIN - ACRES HARVESTED","TOTAL","NOT SPECIFIED","7,130",""
"SURVEY","2017","YEAR","","COUNTY","NORTH CAROLINA","37","NORTHERN COASTAL","70","HALIFAX","083","","","00000000","","CORN","CORN, GRAIN - YIELD, MEASURED IN BU / ACRE","TOTAL","NOT SPECIFIED","111.5",""
"SURVEY","2017","YEAR","","COUNTY","NORTH CAROLINA","37","NORTHERN COASTAL","70","HERTFORD","091","","","00000000","","CORN","CORN, GRAIN - ACRES HARVESTED","TOTAL","NOT SPECIFIED","8,900",""
"SURVEY","2017","YEAR","","COUNTY","NORTH CAROLINA","37","NORTHERN COASTAL","70","HERTFORD","091","","","00000000","","CORN","CORN, GRAIN - YIELD, MEASURED IN BU / ACRE","TOTAL","NOT SPECIFIED","146.5",""
"SURVEY","2017","YEAR","","COUNTY","NORTH CAROLINA","37","NORTHERN COASTAL","70","MARTIN","117","","","00000000","","CORN","CORN, GRAIN - ACRES HARVESTED","TOTAL","NOT SPECIFIED","5,850",""
"SURVEY","2017","YEAR","","COUNTY","NORTH CAROLINA","37","NORTHERN COASTAL","70","MARTIN","117","","","00000000","","CORN","CORN, GRAIN - YIELD, MEASURED IN BU / ACRE","TOTAL","NOT SPECIFIED","126.5",""
"SURVEY","2017","YEAR","","COUNTY","NORTH CAROLINA","37","NORTHERN COASTAL","70","NORTHAMPTON","131","","","00000000","","CORN","CORN, GRAIN - ACRES HARVESTED","TOTAL","NOT SPECIFIED","10,300",""
"SURVEY","2017","YEAR","","COUNTY","NORTH CAROLINA","37","NORTHERN COASTAL","70","NORTHAMPTON","131","","","00000000","","CORN","CORN, GRAIN - YIELD, MEASURED IN BU / ACRE","TOTAL","NOT SPECIFIED","132",""
"SURVEY","2017","YEAR","","COUNTY","NORTH CAROLINA","37","NORTHERN COASTAL","70","OTHER (COMBINED) COUNTIES","","","","00000000","","CORN","CORN, GRAIN - ACRES HARVESTED","TOTAL","NOT SPECIFIED","17,510",""
"SURVEY","2017","YEAR","","COUNTY","NORTH CAROLINA","37","NORTHERN COASTAL","70","OTHER (COMBINED) COUNTIES","","","","00000000","","CORN","CORN, GRAIN - YIELD, MEASURED IN BU / ACRE","TOTAL","NOT SPECIFIED","148",""
"SURVEY","2017","YEAR","","COUNTY","NORTH CAROLINA","37","NORTHERN COASTAL","70","PASQUOTANK","139","","","00000000","","CORN","CORN, GRAIN - ACRES HARVESTED","TOTAL","NOT SPECIFIED","16,600",""
"SURVEY","2017","YEAR","","COUNTY","NORTH CAROLINA","37","NORTHERN COASTAL","70","PASQUOTANK","139","","","00000000","","CORN","CORN, GRAIN - YIELD, MEASURED IN BU / ACRE","TOTAL","NOT SPECIFIED","177",""
"SURVEY","2017","YEAR","","COUNTY","NORTH CAROLINA","37","NORTHERN COASTAL","70","TYRRELL","177","","","00000000","","CORN","CORN, GRAIN - ACRES HARVESTED","TOTAL","NOT SPECIFIED","23,000",""
"SURVEY","2017","YEAR","","COUNTY","NORTH CAROLINA","37","NORTHERN COASTAL","70","TYRRELL","177","","","00000000","","CORN","CORN, GRAIN - YIELD, MEASURED IN BU / ACRE","TOTAL","NOT SPECIFIED","166.5",""
"SURVEY","2017","YEAR","","COUNTY","NORTH CAROLINA","37","NORTHERN COASTAL","70","WASHINGTON","187","","","00000000","","CORN","CORN, GRAIN - ACRES HARVESTED","TOTAL","NOT SPECIFIED","31,300",""
"SURVEY","2017","YEAR","","COUNTY","NORTH CAROLINA","37","NORTHERN COASTAL","70","WASHINGTON","187","","","00000000","","CORN","CORN, GRAIN - YIELD, MEASURED IN BU / ACRE","TOTAL","NOT SPECIFIED","168.1",""
"SURVEY","2017","YEAR","","COUNTY","NORTH CAROLINA","37","NORTHERN MOUNTAIN","10","OTHER (COMBINED) COUNTIES","","","","00000000","","CORN","CORN, GRAIN - ACRES HARVESTED","TOTAL","NOT SPECIFIED","1,830",""
"SURVEY","2017","YEAR","","COUNTY","NORTH CAROLINA","37","NORTHERN MOUNTAIN","10","OTHER (COMBINED) COUNTIES","","","","00000000","","CORN","CORN, GRAIN - YIELD, MEASURED IN BU / ACRE","TOTAL","NOT SPECIFIED","134.4",""
"SURVEY","2017","YEAR","","COUNTY","NORTH CAROLINA","37","NORTHERN MOUNTAIN","10","SURRY","171","","","00000000","","CORN","CORN, GRAIN - ACRES HARVESTED","TOTAL","NOT SPECIFIED","10,100",""
"SURVEY","2017","YEAR","","COUNTY","NORTH CAROLINA","37","NORTHERN MOUNTAIN","10","SURRY","171","","","00000000","","CORN","CORN, GRAIN - YIELD, MEASURED IN BU / ACRE","TOTAL","NOT SPECIFIED","141.8",""
"SURVEY","2017","YEAR","","COUNTY","NORTH CAROLINA","37","NORTHERN MOUNTAIN","10","WILKES","193","","","00000000","","CORN","CORN, GRAIN - ACRES HARVESTED","TOTAL","NOT SPECIFIED","5,470",""
"SURVEY","2017","YEAR","","COUNTY","NORTH CAROLINA","37","NORTHERN MOUNTAIN","10","WILKES","193","","","00000000","","CORN","CORN, GRAIN - YIELD, MEASURED IN BU / ACRE","TOTAL","NOT SPECIFIED","145",""
"SURVEY","2017","YEAR","","COUNTY","NORTH CAROLINA","37","NORTHERN MOUNTAIN","10","YADKIN","197","","","00000000","","CORN","CORN, GRAIN - ACRES HARVESTED","TOTAL","NOT SPECIFIED","11,600",""
"SURVEY","2017","YEAR","","COUNTY","NORTH CAROLINA","37","NORTHERN MOUNTAIN","10","YADKIN","197","","","00000000","","CORN","CORN, GRAIN - YIELD, MEASURED IN BU / ACRE","TOTAL","NOT SPECIFIED","121.6",""
"SURVEY","2017","YEAR","","COUNTY","NORTH CAROLINA","37","NORTHERN PIEDMONT","40","ALAMANCE","001","","","00000000","","CORN","CORN, GRAIN - ACRES HARVESTED","TOTAL","NOT SPECIFIED","2,390",""
"SURVEY","2017","YEAR","","COUNTY","NORTH CAROLINA","37","NORTHERN PIEDMONT","40","ALAMANCE","001","","","00000000","","CORN","CORN, GRAIN - YIELD, MEASURED IN BU / ACRE","TOTAL","NOT SPECIFIED","123.4",""
"SURVEY","2017","YEAR","","COUNTY","NORTH CAROLINA","37","NORTHERN PIEDMONT","40","GRANVILLE","077","","","00000000","","CORN","CORN, GRAIN - ACRES HARVESTED","TOTAL","NOT SPECIFIED","1,310",""
"SURVEY","2017","YEAR","","COUNTY","NORTH CAROLINA","37","NORTHERN PIEDMONT","40","GRANVILLE","077","","","00000000","","CORN","CORN, GRAIN - YIELD, MEASURED IN BU / ACRE","TOTAL","NOT SPECIFIED","103.1",""
"SURVEY","2017","YEAR","","COUNTY","NORTH CAROLINA","37","NORTHERN PIEDMONT","40","GUILFORD","081","","","00000000","","CORN","CORN, GRAIN - ACRES HARVESTED","TOTAL","NOT SPECIFIED","2,740",""
"SURVEY","2017","YEAR","","COUNTY","NORTH CAROLINA","37","NORTHERN PIEDMONT","40","GUILFORD","081","","","00000000","","CORN","CORN, GRAIN - YIELD, MEASURED IN BU / ACRE","TOTAL","NOT SPECIFIED","129.6",""
"SURVEY","2017","YEAR","","COUNTY","NORTH CAROLINA","37","NORTHERN PIEDMONT","40","ORANGE","135","","","00000000","","CORN","CORN, GRAIN - ACRES HARVESTED","TOTAL","NOT SPECIFIED","2,150",""
"SURVEY","2017","YEAR","","COUNTY","NORTH CAROLINA","37","NORTHERN PIEDMONT","40","ORANGE","135","","","00000000","","CORN","CORN, GRAIN - YIELD, MEASURED IN BU / ACRE","TOTAL","NOT SPECIFIED","144.2",""
"SURVEY","2017","YEAR","","COUNTY","NORTH CAROLINA","37","NORTHERN PIEDMONT","40","OTHER (COMBINED) COUNTIES","","","","00000000","","CORN","CORN, GRAIN - ACRES HARVESTED","TOTAL","NOT SPECIFIED","5,170",""
"SURVEY","2017","YEAR","","COUNTY","NORTH CAROLINA","37","NORTHERN PIEDMONT","40","OTHER (COMBINED) COUNTIES","","","","00000000","","CORN","CORN, GRAIN - YIELD, MEASURED IN BU / ACRE","TOTAL","NOT SPECIFIED","120.8",""
"SURVEY","2017","YEAR","","COUNTY","NORTH CAROLINA","37","NORTHERN PIEDMONT","40","PERSON","145","","","00000000","","CORN","CORN, GRAIN - ACRES HARVESTED","TOTAL","NOT SPECIFIED","2,000",""
"SURVEY","2017","YEAR","","COUNTY","NORTH CAROLINA","37","NORTHERN PIEDMONT","40","PERSON","145","","","00000000","","CORN","CORN, GRAIN - YIELD, MEASURED IN BU / ACRE","TOTAL","NOT SPECIFIED","123",""
"SURVEY","2017","YEAR","","COUNTY","NORTH CAROLINA","37","NORTHERN PIEDMONT","40","ROCKINGHAM","157","","","00000000","","CORN","CORN, GRAIN - ACRES HARVESTED","TOTAL","NOT SPECIFIED","1,130",""
"SURVEY","2017","YEAR","","COUNTY","NORTH CAROLINA","37","NORTHERN PIEDMONT","40","ROCKINGHAM","157","","","00000000","","CORN","CORN, GRAIN - YIELD, MEASURED IN BU / ACRE","TOTAL","NOT SPECIFIED","126.1",""
"SURVEY","2017","YEAR","","COUNTY","NORTH CAROLINA","37","NORTHERN PIEDMONT","40","STOKES","169","","","00000000","","CORN","CORN, GRAIN - ACRES HARVESTED","TOTAL","NOT SPECIFIED","1,110",""
"SURVEY","2017","YEAR","","COUNTY","NORTH CAROLINA","37","NORTHERN PIEDMONT","40","STOKES","169","","","00000000","","CORN","CORN, GRAIN - YIELD, MEASURED IN BU / ACRE","TOTAL","NOT SPECIFIED","118.9",""
"SURVEY","2017","YEAR","","COUNTY","NORTH CAROLINA","37","SOUTHERN COASTAL","90","BLADEN","017","","","00000000","","CORN","CORN, GRAIN - ACRES HARVESTED","TOTAL","NOT SPECIFIED","21,000",""
"SURVEY","2017","YEAR","","COUNTY","NORTH CAROLINA","37","SOUTHERN COASTAL","90","BLADEN","017","","","00000000","","CORN","CORN, GRAIN - YIELD, MEASURED IN BU / ACRE","TOTAL","NOT SPECIFIED","138.1",""
"SURVEY","2017","YEAR","","COUNTY","NORTH CAROLINA","37","SOUTHERN COASTAL","90","BRUNSWICK","019","","","00000000","","CORN","CORN, GRAIN - ACRES HARVESTED","TOTAL","NOT SPECIFIED","7,490",""
"SURVEY","2017","YEAR","","COUNTY","NORTH CAROLINA","37","SOUTHERN COASTAL","90","BRUNSWICK","019","","","00000000","","CORN","CORN, GRAIN - YIELD, MEASURED IN BU / ACRE","TOTAL","NOT SPECIFIED","140.2",""
"SURVEY","2017","YEAR","","COUNTY","NORTH CAROLINA","37","SOUTHERN COASTAL","90","COLUMBUS","047","","","00000000","","CORN","CORN, GRAIN - ACRES HARVESTED","TOTAL","NOT SPECIFIED","35,000",""
"SURVEY","2017","YEAR","","COUNTY","NORTH CAROLINA","37","SOUTHERN COASTAL","90","COLUMBUS","047","","","00000000","","CORN","CORN, GRAIN - YIELD, MEASURED IN BU / ACRE","TOTAL","NOT SPECIFIED","133.9",""
"SURVEY","2017","YEAR","","COUNTY","NORTH CAROLINA","37","SOUTHERN COASTAL","90","CUMBERLAND","051","","","00000000","","CORN","CORN, GRAIN - ACRES HARVESTED","TOTAL","NOT SPECIFIED","9,180",""
"SURVEY","2017","YEAR","","COUNTY","NORTH CAROLINA","37","SOUTHERN COASTAL","90","CUMBERLAND","051","","","00000000","","CORN","CORN, GRAIN - YIELD, MEASURED IN BU / ACRE","TOTAL","NOT SPECIFIED","138.3",""
"SURVEY","2017","YEAR","","COUNTY","NORTH CAROLINA","37","SOUTHERN COASTAL","90","DUPLIN","061","","","00000000","","CORN","CORN, GRAIN - ACRES HARVESTED","TOTAL","NOT SPECIFIED","41,800",""
"SURVEY","2017","YEAR","","COUNTY","NORTH CAROLINA","37","SOUTHERN COASTAL","90","DUPLIN","061","","","00000000","","CORN","CORN, GRAIN - YIELD, MEASURED IN BU / ACRE","TOTAL","NOT SPECIFIED","126.8",""
"SURVEY","2017","YEAR","","COUNTY","NORTH CAROLINA","37","SOUTHERN COASTAL","90","HARNETT","085","","","00000000","","CORN","CORN, GRAIN - ACRES HARVESTED","TOTAL","NOT SPECIFIED","4,810",""
"SURVEY","2017","YEAR","","COUNTY","NORTH CAROLINA","37","SOUTHERN COASTAL","90","HARNETT","085","","","00000000","","CORN","CORN, GRAIN - YIELD, MEASURED IN BU / ACRE","TOTAL","NOT SPECIFIED","130.8",""
"SURVEY","2017","YEAR","","COUNTY","NORTH CAROLINA","37","SOUTHERN COASTAL","90","ONSLOW","133","","","00000000","","CORN","CORN, GRAIN - ACRES HARVESTED","TOTAL","NOT SPECIFIED","10,800",""
"SURVEY","2017","YEAR","","COUNTY","NORTH CAROLINA","37","SOUTHERN COASTAL","90","ONSLOW","133","","","00000000","","CORN","CORN, GRAIN - YIELD, MEASURED IN BU / ACRE","TOTAL","NOT SPECIFIED","139",""
"SURVEY","2017","YEAR","","COUNTY","NORTH CAROLINA","37","SOUTHERN COASTAL","90","OTHER (COMBINED) COUNTIES","","","","00000000","","CORN","CORN, GRAIN - ACRES HARVESTED","TOTAL","NOT SPECIFIED","28,820",""
"SURVEY","2017","YEAR","","COUNTY","NORTH CAROLINA","37","SOUTHERN COASTAL","90","OTHER (COMBINED) COUNTIES","","","","00000000","","CORN","CORN, GRAIN - YIELD, MEASURED IN BU / ACRE","TOTAL","NOT SPECIFIED","133.5",""
"SURVEY","2017","YEAR","","COUNTY","NORTH CAROLINA","37","SOUTHERN COASTAL","90","ROBESON","155","","","00000000","","CORN","CORN, GRAIN - ACRES HARVESTED","TOTAL","NOT SPECIFIED","60,100",""
"SURVEY","2017","YEAR","","COUNTY","NORTH CAROLINA","37","SOUTHERN COASTAL","90","ROBESON","155","","","00000000","","CORN","CORN, GRAIN - YIELD, MEASURED IN BU / ACRE","TOTAL","NOT SPECIFIED","132.4",""
"SURVEY","2017","YEAR","","COUNTY","NORTH CAROLINA","37","SOUTHERN COASTAL","90","SAMPSON","163","","","00000000","","CORN","CORN, GRAIN - ACRES HARVESTED","TOTAL","NOT SPECIFIED","31,000",""
"SURVEY","2017","YEAR","","COUNTY","NORTH CAROLINA","37","SOUTHERN COASTAL","90","SAMPSON","163","","","00000000","","CORN","CORN, GRAIN - YIELD, MEASURED IN BU / ACRE","TOTAL","NOT SPECIFIED","132.8",""
"SURVEY","2017","YEAR","","COUNTY","NORTH CAROLINA","37","SOUTHERN PIEDMONT","60","ANSON","007","","","00000000","","CORN","CORN, GRAIN - ACRES HARVESTED","TOTAL","NOT SPECIFIED","8,440",""
"SURVEY","2017","YEAR","","COUNTY","NORTH CAROLINA","37","SOUTHERN PIEDMONT","60","ANSON","007","","","00000000","","CORN","CORN, GRAIN - YIELD, MEASURED IN BU / ACRE","TOTAL","NOT SPECIFIED","119",""
"SURVEY","2017","YEAR","","COUNTY","NORTH CAROLINA","37","SOUTHERN PIEDMONT","60","CABARRUS","025","","","00000000","","CORN","CORN, GRAIN - ACRES HARVESTED","TOTAL","NOT SPECIFIED","4,190",""
"SURVEY","2017","YEAR","","COUNTY","NORTH CAROLINA","37","SOUTHERN PIEDMONT","60","CABARRUS","025","","","00000000","","CORN","CORN, GRAIN - YIELD, MEASURED IN BU / ACRE","TOTAL","NOT SPECIFIED","141.3",""
"SURVEY","2017","YEAR","","COUNTY","NORTH CAROLINA","37","SOUTHERN PIEDMONT","60","CLEVELAND","045","","","00000000","","CORN","CORN, GRAIN - ACRES HARVESTED","TOTAL","NOT SPECIFIED","3,390",""
"SURVEY","2017","YEAR","","COUNTY","NORTH CAROLINA","37","SOUTHERN PIEDMONT","60","CLEVELAND","045","","","00000000","","CORN","CORN, GRAIN - YIELD, MEASURED IN BU / ACRE","TOTAL","NOT SPECIFIED","138.3",""
"SURVEY","2017","YEAR","","COUNTY","NORTH CAROLINA","37","SOUTHERN PIEDMONT","60","LINCOLN","109","","","00000000","","CORN","CORN, GRAIN - ACRES HARVESTED","TOTAL","NOT SPECIFIED","1,210",""
"SURVEY","2017","YEAR","","COUNTY","NORTH CAROLINA","37","SOUTHERN PIEDMONT","60","LINCOLN","109","","","00000000","","CORN","CORN, GRAIN - YIELD, MEASURED IN BU / ACRE","TOTAL","NOT SPECIFIED","123.6",""
"SURVEY","2017","YEAR","","COUNTY","NORTH CAROLINA","37","SOUTHERN PIEDMONT","60","OTHER (COMBINED) COUNTIES","","","","00000000","","CORN","CORN, GRAIN - ACRES HARVESTED","TOTAL","NOT SPECIFIED","5,970",""
"SURVEY","2017","YEAR","","COUNTY","NORTH CAROLINA","37","SOUTHERN PIEDMONT","60","OTHER (COMBINED) COUNTIES","","","","00000000","","CORN","CORN, GRAIN - YIELD, MEASURED IN BU / ACRE","TOTAL","NOT SPECIFIED","112.5",""
"SURVEY","2017","YEAR","","COUNTY","NORTH CAROLINA","37","SOUTHERN PIEDMONT","60","STANLY","167","","","00000000","","CORN","CORN, GRAIN - ACRES HARVESTED","TOTAL","NOT SPECIFIED","10,900",""
"SURVEY","2017","YEAR","","COUNTY","NORTH CAROLINA","37","SOUTHERN PIEDMONT","60","STANLY","167","","","00000000","","CORN","CORN, GRAIN - YIELD, MEASURED IN BU / ACRE","TOTAL","NOT SPECIFIED","136.1",""
"SURVEY","2017","YEAR","","COUNTY","NORTH CAROLINA","37","SOUTHERN PIEDMONT","60","UNION","179","","","00000000","","CORN","CORN, GRAIN - ACRES HARVESTED","TOTAL","NOT SPECIFIED","31,900",""
"SURVEY","2017","YEAR","","COUNTY","NORTH CAROLINA","37","SOUTHERN PIEDMONT","60","UNION","179","","","00000000","","CORN","CORN, GRAIN - YIELD, MEASURED IN BU / ACRE","TOTAL","NOT SPECIFIED","128.6",""
"SURVEY","2017","YEAR","","COUNTY","NORTH CAROLINA","37","WESTERN MOUNTAIN","20","BUNCOMBE","021","","","00000000","","CORN","CORN, GRAIN - ACRES HARVESTED","TOTAL","NOT SPECIFIED","130",""
"SURVEY","2017","YEAR","","COUNTY","NORTH CAROLINA","37","WESTERN MOUNTAIN","20","BUNCOMBE","021","","","00000000","","CORN","CORN, GRAIN - YIELD, MEASURED IN BU / ACRE","TOTAL","NOT SPECIFIED","159.2",""
"SURVEY","2017","YEAR","","COUNTY","NORTH CAROLINA","37","WESTERN MOUNTAIN","20","BURKE","023","","","00000000","","CORN","CORN, GRAIN - ACRES HARVESTED","TOTAL","NOT SPECIFIED","1,250",""
"SURVEY","2017","YEAR","","COUNTY","NORTH CAROLINA","37","WESTERN MOUNTAIN","20","BURKE","023","","","00000000","","CORN","CORN, GRAIN - YIELD, MEASURED IN BU / ACRE","TOTAL","NOT SPECIFIED","112",""
"SURVEY","2017","YEAR","","COUNTY","NORTH CAROLINA","37","WESTERN MOUNTAIN","20","OTHER (COMBINED) COUNTIES","","","","00000000","","CORN","CORN, GRAIN - ACRES HARVESTED","TOTAL","NOT SPECIFIED","4,470",""
"SURVEY","2017","YEAR","","COUNTY","NORTH CAROLINA","37","WESTERN MOUNTAIN","20","OTHER (COMBINED) COUNTIES","","","","00000000","","CORN","CORN, GRAIN - YIELD, MEASURED IN BU / ACRE","TOTAL","NOT SPECIFIED","165.2",""
"SURVEY","2017","YEAR","","COUNTY","NORTH CAROLINA","37","WESTERN MOUNTAIN","20","TRANSYLVANIA","175","","","00000000","","CORN","CORN, GRAIN - ACRES HARVESTED","TOTAL","NOT SPECIFIED","1,150",""
"SURVEY","2017","YEAR","","COUNTY","NORTH CAROLINA","37","WESTERN MOUNTAIN","20","TRANSYLVANIA","175","","","00000000","","CORN","CORN, GRAIN - YIELD, MEASURED IN BU / ACRE","TOTAL","NOT SPECIFIED","175.7",""
"SURVEY","2016","YEAR","","COUNTY","NORTH CAROLINA","37","CENTRAL COASTAL","80","BEAUFORT","013","","","00000000","","CORN","CORN, GRAIN - ACRES HARVESTED","TOTAL","NOT SPECIFIED","51,000",""
"SURVEY","2016","YEAR","","COUNTY","NORTH CAROLINA","37","CENTRAL COASTAL","80","BEAUFORT","013","","","00000000","","CORN","CORN, GRAIN - YIELD, MEASURED IN BU / ACRE","TOTAL","NOT SPECIFIED","133.5",""
"SURVEY","2016","YEAR","","COUNTY","NORTH CAROLINA","37","CENTRAL COASTAL","80","CRAVEN","049","","","00000000","","CORN","CORN, GRAIN - ACRES HARVESTED","TOTAL","NOT SPECIFIED","21,700",""
"SURVEY","2016","YEAR","","COUNTY","NORTH CAROLINA","37","CENTRAL COASTAL","80","CRAVEN","049","","","00000000","","CORN","CORN, GRAIN - YIELD, MEASURED IN BU / ACRE","TOTAL","NOT SPECIFIED","128.4",""
"SURVEY","2016","YEAR","","COUNTY","NORTH CAROLINA","37","CENTRAL COASTAL","80","GREENE","079","","","00000000","","CORN","CORN, GRAIN - ACRES HARVESTED","TOTAL","NOT SPECIFIED","14,000",""
"SURVEY","2016","YEAR","","COUNTY","NORTH CAROLINA","37","CENTRAL COASTAL","80","GREENE","079","","","00000000","","CORN","CORN, GRAIN - YIELD, MEASURED IN BU / ACRE","TOTAL","NOT SPECIFIED","131",""
"SURVEY","2016","YEAR","","COUNTY","NORTH CAROLINA","37","CENTRAL COASTAL","80","HYDE","095","","","00000000","","CORN","CORN, GRAIN - ACRES HARVESTED","TOTAL","NOT SPECIFIED","34,500",""
"SURVEY","2016","YEAR","","COUNTY","NORTH CAROLINA","37","CENTRAL COASTAL","80","HYDE","095","","","00000000","","CORN","CORN, GRAIN - YIELD, MEASURED IN BU / ACRE","TOTAL","NOT SPECIFIED","141.2",""
"SURVEY","2016","YEAR","","COUNTY","NORTH CAROLINA","37","CENTRAL COASTAL","80","JONES","103","","","00000000","","CORN","CORN, GRAIN - ACRES HARVESTED","TOTAL","NOT SPECIFIED","19,500",""
"SURVEY","2016","YEAR","","COUNTY","NORTH CAROLINA","37","CENTRAL COASTAL","80","JONES","103","","","00000000","","CORN","CORN, GRAIN - YIELD, MEASURED IN BU / ACRE","TOTAL","NOT SPECIFIED","117.2",""
"SURVEY","2016","YEAR","","COUNTY","NORTH CAROLINA","37","CENTRAL COASTAL","80","LENOIR","107","","","00000000","","CORN","CORN, GRAIN - ACRES HARVESTED","TOTAL","NOT SPECIFIED","26,500",""
"SURVEY","2016","YEAR","","COUNTY","NORTH CAROLINA","37","CENTRAL COASTAL","80","LENOIR","107","","","00000000","","CORN","CORN, GRAIN - YIELD, MEASURED IN BU / ACRE","TOTAL","NOT SPECIFIED","122.6",""
"SURVEY","2016","YEAR","","COUNTY","NORTH CAROLINA","37","CENTRAL COASTAL","80","OTHER (COMBINED) COUNTIES","","","","00000000","","CORN","CORN, GRAIN - ACRES HARVESTED","TOTAL","NOT SPECIFIED","28,200",""
"SURVEY","2016","YEAR","","COUNTY","NORTH CAROLINA","37","CENTRAL COASTAL","80","OTHER (COMBINED) COUNTIES","","","","00000000","","CORN","CORN, GRAIN - YIELD, MEASURED IN BU / ACRE","TOTAL","NOT SPECIFIED","118.7",""
"SURVEY","2016","YEAR","","COUNTY","NORTH CAROLINA","37","CENTRAL COASTAL","80","PAMLICO","137","","","00000000","","CORN","CORN, GRAIN - ACRES HARVESTED","TOTAL","NOT SPECIFIED","13,500",""
"SURVEY","2016","YEAR","","COUNTY","NORTH CAROLINA","37","CENTRAL COASTAL","80","PAMLICO","137","","","00000000","","CORN","CORN, GRAIN - YIELD, MEASURED IN BU / ACRE","TOTAL","NOT SPECIFIED","146.3",""
"SURVEY","2016","YEAR","","COUNTY","NORTH CAROLINA","37","CENTRAL COASTAL","80","PITT","147","","","00000000","","CORN","CORN, GRAIN - ACRES HARVESTED","TOTAL","NOT SPECIFIED","27,500",""
"SURVEY","2016","YEAR","","COUNTY","NORTH CAROLINA","37","CENTRAL COASTAL","80","PITT","147","","","00000000","","CORN","CORN, GRAIN - YIELD, MEASURED IN BU / ACRE","TOTAL","NOT SPECIFIED","128",""
"SURVEY","2016","YEAR","","COUNTY","NORTH CAROLINA","37","CENTRAL COASTAL","80","WAYNE","191","","","00000000","","CORN","CORN, GRAIN - ACRES HARVESTED","TOTAL","NOT SPECIFIED","28,500",""
"SURVEY","2016","YEAR","","COUNTY","NORTH CAROLINA","37","CENTRAL COASTAL","80","WAYNE","191","","","00000000","","CORN","CORN, GRAIN - YIELD, MEASURED IN BU / ACRE","TOTAL","NOT SPECIFIED","108.4",""
"SURVEY","2016","YEAR","","COUNTY","NORTH CAROLINA","37","CENTRAL COASTAL","80","WILSON","195","","","00000000","","CORN","CORN, GRAIN - ACRES HARVESTED","TOTAL","NOT SPECIFIED","13,600",""
"SURVEY","2016","YEAR","","COUNTY","NORTH CAROLINA","37","CENTRAL COASTAL","80","WILSON","195","","","00000000","","CORN","CORN, GRAIN - YIELD, MEASURED IN BU / ACRE","TOTAL","NOT SPECIFIED","138.1",""
"SURVEY","2016","YEAR","","COUNTY","NORTH CAROLINA","37","CENTRAL PIEDMONT","50","ALEXANDER","003","","","00000000","","CORN","CORN, GRAIN - ACRES HARVESTED","TOTAL","NOT SPECIFIED","850",""
"SURVEY","2016","YEAR","","COUNTY","NORTH CAROLINA","37","CENTRAL PIEDMONT","50","ALEXANDER","003","","","00000000","","CORN","CORN, GRAIN - YIELD, MEASURED IN BU / ACRE","TOTAL","NOT SPECIFIED","121.8",""
"SURVEY","2016","YEAR","","COUNTY","NORTH CAROLINA","37","CENTRAL PIEDMONT","50","CATAWBA","035","","","00000000","","CORN","CORN, GRAIN - ACRES HARVESTED","TOTAL","NOT SPECIFIED","2,700",""
"SURVEY","2016","YEAR","","COUNTY","NORTH CAROLINA","37","CENTRAL PIEDMONT","50","CATAWBA","035","","","00000000","","CORN","CORN, GRAIN - YIELD, MEASURED IN BU / ACRE","TOTAL","NOT SPECIFIED","127",""
"SURVEY","2016","YEAR","","COUNTY","NORTH CAROLINA","37","CENTRAL PIEDMONT","50","DAVIDSON","057","","","00000000","","CORN","CORN, GRAIN - ACRES HARVESTED","TOTAL","NOT SPECIFIED","5,500",""
"SURVEY","2016","YEAR","","COUNTY","NORTH CAROLINA","37","CENTRAL PIEDMONT","50","DAVIDSON","057","","","00000000","","CORN","CORN, GRAIN - YIELD, MEASURED IN BU / ACRE","TOTAL","NOT SPECIFIED","91.8",""
"SURVEY","2016","YEAR","","COUNTY","NORTH CAROLINA","37","CENTRAL PIEDMONT","50","DAVIE","059","","","00000000","","CORN","CORN, GRAIN - ACRES HARVESTED","TOTAL","NOT SPECIFIED","7,000",""
"SURVEY","2016","YEAR","","COUNTY","NORTH CAROLINA","37","CENTRAL PIEDMONT","50","DAVIE","059","","","00000000","","CORN","CORN, GRAIN - YIELD, MEASURED IN BU / ACRE","TOTAL","NOT SPECIFIED","111.3",""
"SURVEY","2016","YEAR","","COUNTY","NORTH CAROLINA","37","CENTRAL PIEDMONT","50","IREDELL","097","","","00000000","","CORN","CORN, GRAIN - ACRES HARVESTED","TOTAL","NOT SPECIFIED","11,000",""
"SURVEY","2016","YEAR","","COUNTY","NORTH CAROLINA","37","CENTRAL PIEDMONT","50","IREDELL","097","","","00000000","","CORN","CORN, GRAIN - YIELD, MEASURED IN BU / ACRE","TOTAL","NOT SPECIFIED","111.4",""
"SURVEY","2016","YEAR","","COUNTY","NORTH CAROLINA","37","CENTRAL PIEDMONT","50","OTHER (COMBINED) COUNTIES","","","","00000000","","CORN","CORN, GRAIN - ACRES HARVESTED","TOTAL","NOT SPECIFIED","3,850",""
"SURVEY","2016","YEAR","","COUNTY","NORTH CAROLINA","37","CENTRAL PIEDMONT","50","OTHER (COMBINED) COUNTIES","","","","00000000","","CORN","CORN, GRAIN - YIELD, MEASURED IN BU / ACRE","TOTAL","NOT SPECIFIED","101.9",""
"SURVEY","2016","YEAR","","COUNTY","NORTH CAROLINA","37","CENTRAL PIEDMONT","50","RANDOLPH","151","","","00000000","","CORN","CORN, GRAIN - ACRES HARVESTED","TOTAL","NOT SPECIFIED","6,400",""
"SURVEY","2016","YEAR","","COUNTY","NORTH CAROLINA","37","CENTRAL PIEDMONT","50","RANDOLPH","151","","","00000000","","CORN","CORN, GRAIN - YIELD, MEASURED IN BU / ACRE","TOTAL","NOT SPECIFIED","106.3",""
"SURVEY","2016","YEAR","","COUNTY","NORTH CAROLINA","37","CENTRAL PIEDMONT","50","ROWAN","159","","","00000000","","CORN","CORN, GRAIN - ACRES HARVESTED","TOTAL","NOT SPECIFIED","8,400",""
"SURVEY","2016","YEAR","","COUNTY","NORTH CAROLINA","37","CENTRAL PIEDMONT","50","ROWAN","159","","","00000000","","CORN","CORN, GRAIN - YIELD, MEASURED IN BU / ACRE","TOTAL","NOT SPECIFIED","106.3",""
"SURVEY","2016","YEAR","","COUNTY","NORTH CAROLINA","37","CENTRAL PIEDMONT","50","WAKE","183","","","00000000","","CORN","CORN, GRAIN - ACRES HARVESTED","TOTAL","NOT SPECIFIED","600",""
"SURVEY","2016","YEAR","","COUNTY","NORTH CAROLINA","37","CENTRAL PIEDMONT","50","WAKE","183","","","00000000","","CORN","CORN, GRAIN - YIELD, MEASURED IN BU / ACRE","TOTAL","NOT SPECIFIED","90",""
"SURVEY","2016","YEAR","","COUNTY","NORTH CAROLINA","37","NORTHERN COASTAL","70","BERTIE","015","","","00000000","","CORN","CORN, GRAIN - ACRES HARVESTED","TOTAL","NOT SPECIFIED","10,800",""
"SURVEY","2016","YEAR","","COUNTY","NORTH CAROLINA","37","NORTHERN COASTAL","70","BERTIE","015","","","00000000","","CORN","CORN, GRAIN - YIELD, MEASURED IN BU / ACRE","TOTAL","NOT SPECIFIED","130.4",""
"SURVEY","2016","YEAR","","COUNTY","NORTH CAROLINA","37","NORTHERN COASTAL","70","CAMDEN","029","","","00000000","","CORN","CORN, GRAIN - ACRES HARVESTED","TOTAL","NOT SPECIFIED","16,700",""
"SURVEY","2016","YEAR","","COUNTY","NORTH CAROLINA","37","NORTHERN COASTAL","70","CAMDEN","029","","","00000000","","CORN","CORN, GRAIN - YIELD, MEASURED IN BU / ACRE","TOTAL","NOT SPECIFIED","188",""
"SURVEY","2016","YEAR","","COUNTY","NORTH CAROLINA","37","NORTHERN COASTAL","70","CHOWAN","041","","","00000000","","CORN","CORN, GRAIN - ACRES HARVESTED","TOTAL","NOT SPECIFIED","4,800",""
"SURVEY","2016","YEAR","","COUNTY","NORTH CAROLINA","37","NORTHERN COASTAL","70","CHOWAN","041","","","00000000","","CORN","CORN, GRAIN - YIELD, MEASURED IN BU / ACRE","TOTAL","NOT SPECIFIED","129.2",""
"SURVEY","2016","YEAR","","COUNTY","NORTH CAROLINA","37","NORTHERN COASTAL","70","CURRITUCK","053","","","00000000","","CORN","CORN, GRAIN - ACRES HARVESTED","TOTAL","NOT SPECIFIED","11,900",""
"SURVEY","2016","YEAR","","COUNTY","NORTH CAROLINA","37","NORTHERN COASTAL","70","CURRITUCK","053","","","00000000","","CORN","CORN, GRAIN - YIELD, MEASURED IN BU / ACRE","TOTAL","NOT SPECIFIED","149",""
"SURVEY","2016","YEAR","","COUNTY","NORTH CAROLINA","37","NORTHERN COASTAL","70","EDGECOMBE","065","","","00000000","","CORN","CORN, GRAIN - ACRES HARVESTED","TOTAL","NOT SPECIFIED","20,200",""
"SURVEY","2016","YEAR","","COUNTY","NORTH CAROLINA","37","NORTHERN COASTAL","70","EDGECOMBE","065","","","00000000","","CORN","CORN, GRAIN - YIELD, MEASURED IN BU / ACRE","TOTAL","NOT SPECIFIED","131.5",""
"SURVEY","2016","YEAR","","COUNTY","NORTH CAROLINA","37","NORTHERN COASTAL","70","GATES","073","","","00000000","","CORN","CORN, GRAIN - ACRES HARVESTED","TOTAL","NOT SPECIFIED","5,400",""
"SURVEY","2016","YEAR","","COUNTY","NORTH CAROLINA","37","NORTHERN COASTAL","70","GATES","073","","","00000000","","CORN","CORN, GRAIN - YIELD, MEASURED IN BU / ACRE","TOTAL","NOT SPECIFIED","148",""
"SURVEY","2016","YEAR","","COUNTY","NORTH CAROLINA","37","NORTHERN COASTAL","70","HALIFAX","083","","","00000000","","CORN","CORN, GRAIN - ACRES HARVESTED","TOTAL","NOT SPECIFIED","9,500",""
"SURVEY","2016","YEAR","","COUNTY","NORTH CAROLINA","37","NORTHERN COASTAL","70","HALIFAX","083","","","00000000","","CORN","CORN, GRAIN - YIELD, MEASURED IN BU / ACRE","TOTAL","NOT SPECIFIED","110",""
"SURVEY","2016","YEAR","","COUNTY","NORTH CAROLINA","37","NORTHERN COASTAL","70","MARTIN","117","","","00000000","","CORN","CORN, GRAIN - ACRES HARVESTED","TOTAL","NOT SPECIFIED","8,300",""
"SURVEY","2016","YEAR","","COUNTY","NORTH CAROLINA","37","NORTHERN COASTAL","70","MARTIN","117","","","00000000","","CORN","CORN, GRAIN - YIELD, MEASURED IN BU / ACRE","TOTAL","NOT SPECIFIED","113",""
"SURVEY","2016","YEAR","","COUNTY","NORTH CAROLINA","37","NORTHERN COASTAL","70","NASH","127","","","00000000","","CORN","CORN, GRAIN - ACRES HARVESTED","TOTAL","NOT SPECIFIED","3,820",""
"SURVEY","2016","YEAR","","COUNTY","NORTH CAROLINA","37","NORTHERN COASTAL","70","NASH","127","","","00000000","","CORN","CORN, GRAIN - YIELD, MEASURED IN BU / ACRE","TOTAL","NOT SPECIFIED","132.2",""
"SURVEY","2016","YEAR","","COUNTY","NORTH CAROLINA","37","NORTHERN COASTAL","70","NORTHAMPTON","131","","","00000000","","CORN","CORN, GRAIN - ACRES HARVESTED","TOTAL","NOT SPECIFIED","11,800",""
"SURVEY","2016","YEAR","","COUNTY","NORTH CAROLINA","37","NORTHERN COASTAL","70","NORTHAMPTON","131","","","00000000","","CORN","CORN, GRAIN - YIELD, MEASURED IN BU / ACRE","TOTAL","NOT SPECIFIED","142.4",""
"SURVEY","2016","YEAR","","COUNTY","NORTH CAROLINA","37","NORTHERN COASTAL","70","OTHER (COMBINED) COUNTIES","","","","00000000","","CORN","CORN, GRAIN - ACRES HARVESTED","TOTAL","NOT SPECIFIED","35,280",""
"SURVEY","2016","YEAR","","COUNTY","NORTH CAROLINA","37","NORTHERN COASTAL","70","OTHER (COMBINED) COUNTIES","","","","00000000","","CORN","CORN, GRAIN - YIELD, MEASURED IN BU / ACRE","TOTAL","NOT SPECIFIED","139.3",""
"SURVEY","2016","YEAR","","COUNTY","NORTH CAROLINA","37","NORTHERN COASTAL","70","PERQUIMANS","143","","","00000000","","CORN","CORN, GRAIN - ACRES HARVESTED","TOTAL","NOT SPECIFIED","14,800",""
"SURVEY","2016","YEAR","","COUNTY","NORTH CAROLINA","37","NORTHERN COASTAL","70","PERQUIMANS","143","","","00000000","","CORN","CORN, GRAIN - YIELD, MEASURED IN BU / ACRE","TOTAL","NOT SPECIFIED","160.8",""
"SURVEY","2016","YEAR","","COUNTY","NORTH CAROLINA","37","NORTHERN COASTAL","70","TYRRELL","177","","","00000000","","CORN","CORN, GRAIN - ACRES HARVESTED","TOTAL","NOT SPECIFIED","25,500",""
"SURVEY","2016","YEAR","","COUNTY","NORTH CAROLINA","37","NORTHERN COASTAL","70","TYRRELL","177","","","00000000","","CORN","CORN, GRAIN - YIELD, MEASURED IN BU / ACRE","TOTAL","NOT SPECIFIED","140.5",""
"SURVEY","2016","YEAR","","COUNTY","NORTH CAROLINA","37","NORTHERN COASTAL","70","WASHINGTON","187","","","00000000","","CORN","CORN, GRAIN - ACRES HARVESTED","TOTAL","NOT SPECIFIED","29,200",""
"SURVEY","2016","YEAR","","COUNTY","NORTH CAROLINA","37","NORTHERN COASTAL","70","WASHINGTON","187","","","00000000","","CORN","CORN, GRAIN - YIELD, MEASURED IN BU / ACRE","TOTAL","NOT SPECIFIED","150.7",""
"SURVEY","2016","YEAR","","COUNTY","NORTH CAROLINA","37","NORTHERN MOUNTAIN","10","OTHER (COMBINED) COUNTIES","","","","00000000","","CORN","CORN, GRAIN - ACRES HARVESTED","TOTAL","NOT SPECIFIED","2,250",""
"SURVEY","2016","YEAR","","COUNTY","NORTH CAROLINA","37","NORTHERN MOUNTAIN","10","OTHER (COMBINED) COUNTIES","","","","00000000","","CORN","CORN, GRAIN - YIELD, MEASURED IN BU / ACRE","TOTAL","NOT SPECIFIED","141.8",""
"SURVEY","2016","YEAR","","COUNTY","NORTH CAROLINA","37","NORTHERN MOUNTAIN","10","SURRY","171","","","00000000","","CORN","CORN, GRAIN - ACRES HARVESTED","TOTAL","NOT SPECIFIED","11,600",""
"SURVEY","2016","YEAR","","COUNTY","NORTH CAROLINA","37","NORTHERN MOUNTAIN","10","SURRY","171","","","00000000","","CORN","CORN, GRAIN - YIELD, MEASURED IN BU / ACRE","TOTAL","NOT SPECIFIED","145.3",""
"SURVEY","2016","YEAR","","COUNTY","NORTH CAROLINA","37","NORTHERN MOUNTAIN","10","WILKES","193","","","00000000","","CORN","CORN, GRAIN - ACRES HARVESTED","TOTAL","NOT SPECIFIED","4,900",""
"SURVEY","2016","YEAR","","COUNTY","NORTH CAROLINA","37","NORTHERN MOUNTAIN","10","WILKES","193","","","00000000","","CORN","CORN, GRAIN - YIELD, MEASURED IN BU / ACRE","TOTAL","NOT SPECIFIED","132",""
"SURVEY","2016","YEAR","","COUNTY","NORTH CAROLINA","37","NORTHERN MOUNTAIN","10","YADKIN","197","","","00000000","","CORN","CORN, GRAIN - ACRES HARVESTED","TOTAL","NOT SPECIFIED","9,550",""
"SURVEY","2016","YEAR","","COUNTY","NORTH CAROLINA","37","NORTHERN MOUNTAIN","10","YADKIN","197","","","00000000","","CORN","CORN, GRAIN - YIELD, MEASURED IN BU / ACRE","TOTAL","NOT SPECIFIED","146",""
"SURVEY","2016","YEAR","","COUNTY","NORTH CAROLINA","37","NORTHERN PIEDMONT","40","ALAMANCE","001","","","00000000","","CORN","CORN, GRAIN - ACRES HARVESTED","TOTAL","NOT SPECIFIED","3,200",""
"SURVEY","2016","YEAR","","COUNTY","NORTH CAROLINA","37","NORTHERN PIEDMONT","40","ALAMANCE","001","","","00000000","","CORN","CORN, GRAIN - YIELD, MEASURED IN BU / ACRE","TOTAL","NOT SPECIFIED","145.3",""
"SURVEY","2016","YEAR","","COUNTY","NORTH CAROLINA","37","NORTHERN PIEDMONT","40","CASWELL","033","","","00000000","","CORN","CORN, GRAIN - ACRES HARVESTED","TOTAL","NOT SPECIFIED","1,000",""
"SURVEY","2016","YEAR","","COUNTY","NORTH CAROLINA","37","NORTHERN PIEDMONT","40","CASWELL","033","","","00000000","","CORN","CORN, GRAIN - YIELD, MEASURED IN BU / ACRE","TOTAL","NOT SPECIFIED","125",""
"SURVEY","2016","YEAR","","COUNTY","NORTH CAROLINA","37","NORTHERN PIEDMONT","40","FRANKLIN","069","","","00000000","","CORN","CORN, GRAIN - ACRES HARVESTED","TOTAL","NOT SPECIFIED","900",""
"SURVEY","2016","YEAR","","COUNTY","NORTH CAROLINA","37","NORTHERN PIEDMONT","40","FRANKLIN","069","","","00000000","","CORN","CORN, GRAIN - YIELD, MEASURED IN BU / ACRE","TOTAL","NOT SPECIFIED","132.9",""
"SURVEY","2016","YEAR","","COUNTY","NORTH CAROLINA","37","NORTHERN PIEDMONT","40","GRANVILLE","077","","","00000000","","CORN","CORN, GRAIN - ACRES HARVESTED","TOTAL","NOT SPECIFIED","2,000",""
"SURVEY","2016","YEAR","","COUNTY","NORTH CAROLINA","37","NORTHERN PIEDMONT","40","GRANVILLE","077","","","00000000","","CORN","CORN, GRAIN - YIELD, MEASURED IN BU / ACRE","TOTAL","NOT SPECIFIED","95.8",""
"SURVEY","2016","YEAR","","COUNTY","NORTH CAROLINA","37","NORTHERN PIEDMONT","40","GUILFORD","081","","","00000000","","CORN","CORN, GRAIN - ACRES HARVESTED","TOTAL","NOT SPECIFIED","3,800",""
"SURVEY","2016","YEAR","","COUNTY","NORTH CAROLINA","37","NORTHERN PIEDMONT","40","GUILFORD","081","","","00000000","","CORN","CORN, GRAIN - YIELD, MEASURED IN BU / ACRE","TOTAL","NOT SPECIFIED","128.7",""
"SURVEY","2016","YEAR","","COUNTY","NORTH CAROLINA","37","NORTHERN PIEDMONT","40","ORANGE","135","","","00000000","","CORN","CORN, GRAIN - ACRES HARVESTED","TOTAL","NOT SPECIFIED","2,200",""
"SURVEY","2016","YEAR","","COUNTY","NORTH CAROLINA","37","NORTHERN PIEDMONT","40","ORANGE","135","","","00000000","","CORN","CORN, GRAIN - YIELD, MEASURED IN BU / ACRE","TOTAL","NOT SPECIFIED","167.3",""
"SURVEY","2016","YEAR","","COUNTY","NORTH CAROLINA","37","NORTHERN PIEDMONT","40","OTHER (COMBINED) COUNTIES","","","","00000000","","CORN","CORN, GRAIN - ACRES HARVESTED","TOTAL","NOT SPECIFIED","2,700",""
"SURVEY","2016","YEAR","","COUNTY","NORTH CAROLINA","37","NORTHERN PIEDMONT","40","OTHER (COMBINED) COUNTIES","","","","00000000","","CORN","CORN, GRAIN - YIELD, MEASURED IN BU / ACRE","TOTAL","NOT SPECIFIED","106.6",""
"SURVEY","2016","YEAR","","COUNTY","NORTH CAROLINA","37","NORTHERN PIEDMONT","40","PERSON","145","","","00000000","","CORN","CORN, GRAIN - ACRES HARVESTED","TOTAL","NOT SPECIFIED","2,200",""
"SURVEY","2016","YEAR","","COUNTY","NORTH CAROLINA","37","NORTHERN PIEDMONT","40","PERSON","145","","","00000000","","CORN","CORN, GRAIN - YIELD, MEASURED IN BU / ACRE","TOTAL","NOT SPECIFIED","168.6",""
"SURVEY","2016","YEAR","","COUNTY","NORTH CAROLINA","37","NORTHERN PIEDMONT","40","ROCKINGHAM","157","","","00000000","","CORN","CORN, GRAIN - ACRES HARVESTED","TOTAL","NOT SPECIFIED","1,800",""
"SURVEY","2016","YEAR","","COUNTY","NORTH CAROLINA","37","NORTHERN PIEDMONT","40","ROCKINGHAM","157","","","00000000","","CORN","CORN, GRAIN - YIELD, MEASURED IN BU / ACRE","TOTAL","NOT SPECIFIED","110",""
"SURVEY","2016","YEAR","","COUNTY","NORTH CAROLINA","37","NORTHERN PIEDMONT","40","STOKES","169","","","00000000","","CORN","CORN, GRAIN - ACRES HARVESTED","TOTAL","NOT SPECIFIED","1,500",""
"SURVEY","2016","YEAR","","COUNTY","NORTH CAROLINA","37","NORTHERN PIEDMONT","40","STOKES","169","","","00000000","","CORN","CORN, GRAIN - YIELD, MEASURED IN BU / ACRE","TOTAL","NOT SPECIFIED","103.5",""
"SURVEY","2016","YEAR","","COUNTY","NORTH CAROLINA","37","SOUTHERN COASTAL","90","BLADEN","017","","","00000000","","CORN","CORN, GRAIN - ACRES HARVESTED","TOTAL","NOT SPECIFIED","24,500",""
"SURVEY","2016","YEAR","","COUNTY","NORTH CAROLINA","37","SOUTHERN COASTAL","90","BLADEN","017","","","00000000","","CORN","CORN, GRAIN - YIELD, MEASURED IN BU / ACRE","TOTAL","NOT SPECIFIED","112.7",""
"SURVEY","2016","YEAR","","COUNTY","NORTH CAROLINA","37","SOUTHERN COASTAL","90","BRUNSWICK","019","","","00000000","","CORN","CORN, GRAIN - ACRES HARVESTED","TOTAL","NOT SPECIFIED","8,300",""
"SURVEY","2016","YEAR","","COUNTY","NORTH CAROLINA","37","SOUTHERN COASTAL","90","BRUNSWICK","019","","","00000000","","CORN","CORN, GRAIN - YIELD, MEASURED IN BU / ACRE","TOTAL","NOT SPECIFIED","113.1",""
"SURVEY","2016","YEAR","","COUNTY","NORTH CAROLINA","37","SOUTHERN COASTAL","90","COLUMBUS","047","","","00000000","","CORN","CORN, GRAIN - ACRES HARVESTED","TOTAL","NOT SPECIFIED","36,500",""
"SURVEY","2016","YEAR","","COUNTY","NORTH CAROLINA","37","SOUTHERN COASTAL","90","COLUMBUS","047","","","00000000","","CORN","CORN, GRAIN - YIELD, MEASURED IN BU / ACRE","TOTAL","NOT SPECIFIED","123",""
"SURVEY","2016","YEAR","","COUNTY","NORTH CAROLINA","37","SOUTHERN COASTAL","90","CUMBERLAND","051","","","00000000","","CORN","CORN, GRAIN - ACRES HARVESTED","TOTAL","NOT SPECIFIED","9,700",""
"SURVEY","2016","YEAR","","COUNTY","NORTH CAROLINA","37","SOUTHERN COASTAL","90","CUMBERLAND","051","","","00000000","","CORN","CORN, GRAIN - YIELD, MEASURED IN BU / ACRE","TOTAL","NOT SPECIFIED","121.8",""
"SURVEY","2016","YEAR","","COUNTY","NORTH CAROLINA","37","SOUTHERN COASTAL","90","DUPLIN","061","","","00000000","","CORN","CORN, GRAIN - ACRES HARVESTED","TOTAL","NOT SPECIFIED","46,500",""
"SURVEY","2016","YEAR","","COUNTY","NORTH CAROLINA","37","SOUTHERN COASTAL","90","DUPLIN","061","","","00000000","","CORN","CORN, GRAIN - YIELD, MEASURED IN BU / ACRE","TOTAL","NOT SPECIFIED","132",""
"SURVEY","2016","YEAR","","COUNTY","NORTH CAROLINA","37","SOUTHERN COASTAL","90","ONSLOW","133","","","00000000","","CORN","CORN, GRAIN - ACRES HARVESTED","TOTAL","NOT SPECIFIED","13,500",""
"SURVEY","2016","YEAR","","COUNTY","NORTH CAROLINA","37","SOUTHERN COASTAL","90","ONSLOW","133","","","00000000","","CORN","CORN, GRAIN - YIELD, MEASURED IN BU / ACRE","TOTAL","NOT SPECIFIED","105.6",""
"SURVEY","2016","YEAR","","COUNTY","NORTH CAROLINA","37","SOUTHERN COASTAL","90","OTHER (COMBINED) COUNTIES","","","","00000000","","CORN","CORN, GRAIN - ACRES HARVESTED","TOTAL","NOT SPECIFIED","12,100",""
"SURVEY","2016","YEAR","","COUNTY","NORTH CAROLINA","37","SOUTHERN COASTAL","90","OTHER (COMBINED) COUNTIES","","","","00000000","","CORN","CORN, GRAIN - YIELD, MEASURED IN BU / ACRE","TOTAL","NOT SPECIFIED","115.6",""
"SURVEY","2016","YEAR","","COUNTY","NORTH CAROLINA","37","SOUTHERN COASTAL","90","PENDER","141","","","00000000","","CORN","CORN, GRAIN - ACRES HARVESTED","TOTAL","NOT SPECIFIED","16,400",""
"SURVEY","2016","YEAR","","COUNTY","NORTH CAROLINA","37","SOUTHERN COASTAL","90","PENDER","141","","","00000000","","CORN","CORN, GRAIN - YIELD, MEASURED IN BU / ACRE","TOTAL","NOT SPECIFIED","124.1",""
"SURVEY","2016","YEAR","","COUNTY","NORTH CAROLINA","37","SOUTHERN COASTAL","90","ROBESON","155","","","00000000","","CORN","CORN, GRAIN - ACRES HARVESTED","TOTAL","NOT SPECIFIED","68,500",""
"SURVEY","2016","YEAR","","COUNTY","NORTH CAROLINA","37","SOUTHERN COASTAL","90","ROBESON","155","","","00000000","","CORN","CORN, GRAIN - YIELD, MEASURED IN BU / ACRE","TOTAL","NOT SPECIFIED","130.5",""
"SURVEY","2016","YEAR","","COUNTY","NORTH CAROLINA","37","SOUTHERN COASTAL","90","SAMPSON","163","","","00000000","","CORN","CORN, GRAIN - ACRES HARVESTED","TOTAL","NOT SPECIFIED","35,200",""
"SURVEY","2016","YEAR","","COUNTY","NORTH CAROLINA","37","SOUTHERN COASTAL","90","SAMPSON","163","","","00000000","","CORN","CORN, GRAIN - YIELD, MEASURED IN BU / ACRE","TOTAL","NOT SPECIFIED","143.2",""
"SURVEY","2016","YEAR","","COUNTY","NORTH CAROLINA","37","SOUTHERN COASTAL","90","SCOTLAND","165","","","00000000","","CORN","CORN, GRAIN - ACRES HARVESTED","TOTAL","NOT SPECIFIED","8,800",""
"SURVEY","2016","YEAR","","COUNTY","NORTH CAROLINA","37","SOUTHERN COASTAL","90","SCOTLAND","165","","","00000000","","CORN","CORN, GRAIN - YIELD, MEASURED IN BU / ACRE","TOTAL","NOT SPECIFIED","123.4",""
"SURVEY","2016","YEAR","","COUNTY","NORTH CAROLINA","37","SOUTHERN PIEDMONT","60","CABARRUS","025","","","00000000","","CORN","CORN, GRAIN - ACRES HARVESTED","TOTAL","NOT SPECIFIED","4,500",""
"SURVEY","2016","YEAR","","COUNTY","NORTH CAROLINA","37","SOUTHERN PIEDMONT","60","CABARRUS","025","","","00000000","","CORN","CORN, GRAIN - YIELD, MEASURED IN BU / ACRE","TOTAL","NOT SPECIFIED","126",""
"SURVEY","2016","YEAR","","COUNTY","NORTH CAROLINA","37","SOUTHERN PIEDMONT","60","CLEVELAND","045","","","00000000","","CORN","CORN, GRAIN - ACRES HARVESTED","TOTAL","NOT SPECIFIED","3,500",""
"SURVEY","2016","YEAR","","COUNTY","NORTH CAROLINA","37","SOUTHERN PIEDMONT","60","CLEVELAND","045","","","00000000","","CORN","CORN, GRAIN - YIELD, MEASURED IN BU / ACRE","TOTAL","NOT SPECIFIED","102.3",""
"SURVEY","2016","YEAR","","COUNTY","NORTH CAROLINA","37","SOUTHERN PIEDMONT","60","MOORE","125","","","00000000","","CORN","CORN, GRAIN - ACRES HARVESTED","TOTAL","NOT SPECIFIED","1,600",""
"SURVEY","2016","YEAR","","COUNTY","NORTH CAROLINA","37","SOUTHERN PIEDMONT","60","MOORE","125","","","00000000","","CORN","CORN, GRAIN - YIELD, MEASURED IN BU / ACRE","TOTAL","NOT SPECIFIED","84.8",""
"SURVEY","2016","YEAR","","COUNTY","NORTH CAROLINA","37","SOUTHERN PIEDMONT","60","OTHER (COMBINED) COUNTIES","","","","00000000","","CORN","CORN, GRAIN - ACRES HARVESTED","TOTAL","NOT SPECIFIED","16,600",""
"SURVEY","2016","YEAR","","COUNTY","NORTH CAROLINA","37","SOUTHERN PIEDMONT","60","OTHER (COMBINED) COUNTIES","","","","00000000","","CORN","CORN, GRAIN - YIELD, MEASURED IN BU / ACRE","TOTAL","NOT SPECIFIED","87.1",""
"SURVEY","2016","YEAR","","COUNTY","NORTH CAROLINA","37","SOUTHERN PIEDMONT","60","STANLY","167","","","00000000","","CORN","CORN, GRAIN - ACRES HARVESTED","TOTAL","NOT SPECIFIED","11,700",""
"SURVEY","2016","YEAR","","COUNTY","NORTH CAROLINA","37","SOUTHERN PIEDMONT","60","STANLY","167","","","00000000","","CORN","CORN, GRAIN - YIELD, MEASURED IN BU / ACRE","TOTAL","NOT SPECIFIED","130.5",""
"SURVEY","2016","YEAR","","COUNTY","NORTH CAROLINA","37","SOUTHERN PIEDMONT","60","UNION","179","","","00000000","","CORN","CORN, GRAIN - ACRES HARVESTED","TOTAL","NOT SPECIFIED","32,000",""
"SURVEY","2016","YEAR","","COUNTY","NORTH CAROLINA","37","SOUTHERN PIEDMONT","60","UNION","179","","","00000000","","CORN","CORN, GRAIN - YIELD, MEASURED IN BU / ACRE","TOTAL","NOT SPECIFIED","108.6",""
"SURVEY","2016","YEAR","","COUNTY","NORTH CAROLINA","37","WESTERN MOUNTAIN","20","BUNCOMBE","021","","","00000000","","CORN","CORN, GRAIN - ACRES HARVESTED","TOTAL","NOT SPECIFIED","150",""
"SURVEY","2016","YEAR","","COUNTY","NORTH CAROLINA","37","WESTERN MOUNTAIN","20","BUNCOMBE","021","","","00000000","","CORN","CORN, GRAIN - YIELD, MEASURED IN BU / ACRE","TOTAL","NOT SPECIFIED","88",""
"SURVEY","2016","YEAR","","COUNTY","NORTH CAROLINA","37","WESTERN MOUNTAIN","20","BURKE","023","","","00000000","","CORN","CORN, GRAIN - ACRES HARVESTED","TOTAL","NOT SPECIFIED","1,400",""
"SURVEY","2016","YEAR","","COUNTY","NORTH CAROLINA","37","WESTERN MOUNTAIN","20","BURKE","023","","","00000000","","CORN","CORN, GRAIN - YIELD, MEASURED IN BU / ACRE","TOTAL","NOT SPECIFIED","92",""
"SURVEY","2016","YEAR","","COUNTY","NORTH CAROLINA","37","WESTERN MOUNTAIN","20","CHEROKEE","039","","","00000000","","CORN","CORN, GRAIN - ACRES HARVESTED","TOTAL","NOT SPECIFIED","900",""
"SURVEY","2016","YEAR","","COUNTY","NORTH CAROLINA","37","WESTERN MOUNTAIN","20","CHEROKEE","039","","","00000000","","CORN","CORN, GRAIN - YIELD, MEASURED IN BU / ACRE","TOTAL","NOT SPECIFIED","152",""
"SURVEY","2016","YEAR","","COUNTY","NORTH CAROLINA","37","WESTERN MOUNTAIN","20","HENDERSON","089","","","00000000","","CORN","CORN, GRAIN - ACRES HARVESTED","TOTAL","NOT SPECIFIED","1,900",""
"SURVEY","2016","YEAR","","COUNTY","NORTH CAROLINA","37","WESTERN MOUNTAIN","20","HENDERSON","089","","","00000000","","CORN","CORN, GRAIN - YIELD, MEASURED IN BU / ACRE","TOTAL","NOT SPECIFIED","173.7",""
"SURVEY","2016","YEAR","","COUNTY","NORTH CAROLINA","37","WESTERN MOUNTAIN","20","OTHER (COMBINED) COUNTIES","","","","00000000","","CORN","CORN, GRAIN - ACRES HARVESTED","TOTAL","NOT SPECIFIED","2,900",""
"SURVEY","2016","YEAR","","COUNTY","NORTH CAROLINA","37","WESTERN MOUNTAIN","20","OTHER (COMBINED) COUNTIES","","","","00000000","","CORN","CORN, GRAIN - YIELD, MEASURED IN BU / ACRE","TOTAL","NOT SPECIFIED","136.6",""
"SURVEY","2016","YEAR","","COUNTY","NORTH CAROLINA","37","WESTERN MOUNTAIN","20","RUTHERFORD","161","","","00000000","","CORN","CORN, GRAIN - ACRES HARVESTED","TOTAL","NOT SPECIFIED","450",""
"SURVEY","2016","YEAR","","COUNTY","NORTH CAROLINA","37","WESTERN MOUNTAIN","20","RUTHERFORD","161","","","00000000","","CORN","CORN, GRAIN - YIELD, MEASURED IN BU / ACRE","TOTAL","NOT SPECIFIED","87.1",""
"SURVEY","2015","YEAR","","COUNTY","NORTH CAROLINA","37","CENTRAL COASTAL","80","BEAUFORT","013","","","00000000","","CORN","CORN, GRAIN - ACRES HARVESTED","TOTAL","NOT SPECIFIED","37,400",""
"SURVEY","2015","YEAR","","COUNTY","NORTH CAROLINA","37","CENTRAL COASTAL","80","BEAUFORT","013","","","00000000","","CORN","CORN, GRAIN - YIELD, MEASURED IN BU / ACRE","TOTAL","NOT SPECIFIED","142.5",""
"SURVEY","2015","YEAR","","COUNTY","NORTH CAROLINA","37","CENTRAL COASTAL","80","CRAVEN","049","","","00000000","","CORN","CORN, GRAIN - ACRES HARVESTED","TOTAL","NOT SPECIFIED","16,800",""
"SURVEY","2015","YEAR","","COUNTY","NORTH CAROLINA","37","CENTRAL COASTAL","80","CRAVEN","049","","","00000000","","CORN","CORN, GRAIN - YIELD, MEASURED IN BU / ACRE","TOTAL","NOT SPECIFIED","106.4",""
"SURVEY","2015","YEAR","","COUNTY","NORTH CAROLINA","37","CENTRAL COASTAL","80","GREENE","079","","","00000000","","CORN","CORN, GRAIN - ACRES HARVESTED","TOTAL","NOT SPECIFIED","8,300",""
"SURVEY","2015","YEAR","","COUNTY","NORTH CAROLINA","37","CENTRAL COASTAL","80","GREENE","079","","","00000000","","CORN","CORN, GRAIN - YIELD, MEASURED IN BU / ACRE","TOTAL","NOT SPECIFIED","86.7",""
"SURVEY","2015","YEAR","","COUNTY","NORTH CAROLINA","37","CENTRAL COASTAL","80","HYDE","095","","","00000000","","CORN","CORN, GRAIN - ACRES HARVESTED","TOTAL","NOT SPECIFIED","33,600",""
"SURVEY","2015","YEAR","","COUNTY","NORTH CAROLINA","37","CENTRAL COASTAL","80","HYDE","095","","","00000000","","CORN","CORN, GRAIN - YIELD, MEASURED IN BU / ACRE","TOTAL","NOT SPECIFIED","142",""
"SURVEY","2015","YEAR","","COUNTY","NORTH CAROLINA","37","CENTRAL COASTAL","80","JOHNSTON","101","","","00000000","","CORN","CORN, GRAIN - ACRES HARVESTED","TOTAL","NOT SPECIFIED","5,540",""
"SURVEY","2015","YEAR","","COUNTY","NORTH CAROLINA","37","CENTRAL COASTAL","80","JOHNSTON","101","","","00000000","","CORN","CORN, GRAIN - YIELD, MEASURED IN BU / ACRE","TOTAL","NOT SPECIFIED","104.5",""
"SURVEY","2015","YEAR","","COUNTY","NORTH CAROLINA","37","CENTRAL COASTAL","80","LENOIR","107","","","00000000","","CORN","CORN, GRAIN - ACRES HARVESTED","TOTAL","NOT SPECIFIED","20,800",""
"SURVEY","2015","YEAR","","COUNTY","NORTH CAROLINA","37","CENTRAL COASTAL","80","LENOIR","107","","","00000000","","CORN","CORN, GRAIN - YIELD, MEASURED IN BU / ACRE","TOTAL","NOT SPECIFIED","93.6",""
"SURVEY","2015","YEAR","","COUNTY","NORTH CAROLINA","37","CENTRAL COASTAL","80","OTHER (COMBINED) COUNTIES","","","","00000000","","CORN","CORN, GRAIN - ACRES HARVESTED","TOTAL","NOT SPECIFIED","34,500",""
"SURVEY","2015","YEAR","","COUNTY","NORTH CAROLINA","37","CENTRAL COASTAL","80","OTHER (COMBINED) COUNTIES","","","","00000000","","CORN","CORN, GRAIN - YIELD, MEASURED IN BU / ACRE","TOTAL","NOT SPECIFIED","119.7",""
"SURVEY","2015","YEAR","","COUNTY","NORTH CAROLINA","37","CENTRAL COASTAL","80","PAMLICO","137","","","00000000","","CORN","CORN, GRAIN - ACRES HARVESTED","TOTAL","NOT SPECIFIED","15,200",""
"SURVEY","2015","YEAR","","COUNTY","NORTH CAROLINA","37","CENTRAL COASTAL","80","PAMLICO","137","","","00000000","","CORN","CORN, GRAIN - YIELD, MEASURED IN BU / ACRE","TOTAL","NOT SPECIFIED","136",""
"SURVEY","2015","YEAR","","COUNTY","NORTH CAROLINA","37","CENTRAL COASTAL","80","PITT","147","","","00000000","","CORN","CORN, GRAIN - ACRES HARVESTED","TOTAL","NOT SPECIFIED","17,900",""
"SURVEY","2015","YEAR","","COUNTY","NORTH CAROLINA","37","CENTRAL COASTAL","80","PITT","147","","","00000000","","CORN","CORN, GRAIN - YIELD, MEASURED IN BU / ACRE","TOTAL","NOT SPECIFIED","86.5",""
"SURVEY","2015","YEAR","","COUNTY","NORTH CAROLINA","37","CENTRAL COASTAL","80","WAYNE","191","","","00000000","","CORN","CORN, GRAIN - ACRES HARVESTED","TOTAL","NOT SPECIFIED","19,100",""
"SURVEY","2015","YEAR","","COUNTY","NORTH CAROLINA","37","CENTRAL COASTAL","80","WAYNE","191","","","00000000","","CORN","CORN, GRAIN - YIELD, MEASURED IN BU / ACRE","TOTAL","NOT SPECIFIED","78.8",""
"SURVEY","2015","YEAR","","COUNTY","NORTH CAROLINA","37","CENTRAL COASTAL","80","WILSON","195","","","00000000","","CORN","CORN, GRAIN - ACRES HARVESTED","TOTAL","NOT SPECIFIED","5,860",""
"SURVEY","2015","YEAR","","COUNTY","NORTH CAROLINA","37","CENTRAL COASTAL","80","WILSON","195","","","00000000","","CORN","CORN, GRAIN - YIELD, MEASURED IN BU / ACRE","TOTAL","NOT SPECIFIED","101.5",""
"SURVEY","2015","YEAR","","COUNTY","NORTH CAROLINA","37","CENTRAL PIEDMONT","50","CATAWBA","035","","","00000000","","CORN","CORN, GRAIN - ACRES HARVESTED","TOTAL","NOT SPECIFIED","2,070",""
"SURVEY","2015","YEAR","","COUNTY","NORTH CAROLINA","37","CENTRAL PIEDMONT","50","CATAWBA","035","","","00000000","","CORN","CORN, GRAIN - YIELD, MEASURED IN BU / ACRE","TOTAL","NOT SPECIFIED","51.2",""
"SURVEY","2015","YEAR","","COUNTY","NORTH CAROLINA","37","CENTRAL PIEDMONT","50","DAVIDSON","057","","","00000000","","CORN","CORN, GRAIN - ACRES HARVESTED","TOTAL","NOT SPECIFIED","5,670",""
"SURVEY","2015","YEAR","","COUNTY","NORTH CAROLINA","37","CENTRAL PIEDMONT","50","DAVIDSON","057","","","00000000","","CORN","CORN, GRAIN - YIELD, MEASURED IN BU / ACRE","TOTAL","NOT SPECIFIED","123.5",""
"SURVEY","2015","YEAR","","COUNTY","NORTH CAROLINA","37","CENTRAL PIEDMONT","50","DAVIE","059","","","00000000","","CORN","CORN, GRAIN - ACRES HARVESTED","TOTAL","NOT SPECIFIED","5,420",""
"SURVEY","2015","YEAR","","COUNTY","NORTH CAROLINA","37","CENTRAL PIEDMONT","50","DAVIE","059","","","00000000","","CORN","CORN, GRAIN - YIELD, MEASURED IN BU / ACRE","TOTAL","NOT SPECIFIED","93.2",""
"SURVEY","2015","YEAR","","COUNTY","NORTH CAROLINA","37","CENTRAL PIEDMONT","50","IREDELL","097","","","00000000","","CORN","CORN, GRAIN - ACRES HARVESTED","TOTAL","NOT SPECIFIED","9,210",""
"SURVEY","2015","YEAR","","COUNTY","NORTH CAROLINA","37","CENTRAL PIEDMONT","50","IREDELL","097","","","00000000","","CORN","CORN, GRAIN - YIELD, MEASURED IN BU / ACRE","TOTAL","NOT SPECIFIED","110.2",""
"SURVEY","2015","YEAR","","COUNTY","NORTH CAROLINA","37","CENTRAL PIEDMONT","50","LEE","105","","","00000000","","CORN","CORN, GRAIN - ACRES HARVESTED","TOTAL","NOT SPECIFIED","470",""
"SURVEY","2015","YEAR","","COUNTY","NORTH CAROLINA","37","CENTRAL PIEDMONT","50","LEE","105","","","00000000","","CORN","CORN, GRAIN - YIELD, MEASURED IN BU / ACRE","TOTAL","NOT SPECIFIED","76.4",""
"SURVEY","2015","YEAR","","COUNTY","NORTH CAROLINA","37","CENTRAL PIEDMONT","50","OTHER (COMBINED) COUNTIES","","","","00000000","","CORN","CORN, GRAIN - ACRES HARVESTED","TOTAL","NOT SPECIFIED","2,560",""
"SURVEY","2015","YEAR","","COUNTY","NORTH CAROLINA","37","CENTRAL PIEDMONT","50","OTHER (COMBINED) COUNTIES","","","","00000000","","CORN","CORN, GRAIN - YIELD, MEASURED IN BU / ACRE","TOTAL","NOT SPECIFIED","95",""
"SURVEY","2015","YEAR","","COUNTY","NORTH CAROLINA","37","CENTRAL PIEDMONT","50","RANDOLPH","151","","","00000000","","CORN","CORN, GRAIN - ACRES HARVESTED","TOTAL","NOT SPECIFIED","4,500",""
"SURVEY","2015","YEAR","","COUNTY","NORTH CAROLINA","37","CENTRAL PIEDMONT","50","RANDOLPH","151","","","00000000","","CORN","CORN, GRAIN - YIELD, MEASURED IN BU / ACRE","TOTAL","NOT SPECIFIED","113.1",""
"SURVEY","2015","YEAR","","COUNTY","NORTH CAROLINA","37","CENTRAL PIEDMONT","50","ROWAN","159","","","00000000","","CORN","CORN, GRAIN - ACRES HARVESTED","TOTAL","NOT SPECIFIED","7,600",""
"SURVEY","2015","YEAR","","COUNTY","NORTH CAROLINA","37","CENTRAL PIEDMONT","50","ROWAN","159","","","00000000","","CORN","CORN, GRAIN - YIELD, MEASURED IN BU / ACRE","TOTAL","NOT SPECIFIED","102.4",""
"SURVEY","2015","YEAR","","COUNTY","NORTH CAROLINA","37","NORTHERN COASTAL","70","BERTIE","015","","","00000000","","CORN","CORN, GRAIN - ACRES HARVESTED","TOTAL","NOT SPECIFIED","9,180",""
"SURVEY","2015","YEAR","","COUNTY","NORTH CAROLINA","37","NORTHERN COASTAL","70","BERTIE","015","","","00000000","","CORN","CORN, GRAIN - YIELD, MEASURED IN BU / ACRE","TOTAL","NOT SPECIFIED","110.7",""
"SURVEY","2015","YEAR","","COUNTY","NORTH CAROLINA","37","NORTHERN COASTAL","70","CAMDEN","029","","","00000000","","CORN","CORN, GRAIN - ACRES HARVESTED","TOTAL","NOT SPECIFIED","16,400",""
"SURVEY","2015","YEAR","","COUNTY","NORTH CAROLINA","37","NORTHERN COASTAL","70","CAMDEN","029","","","00000000","","CORN","CORN, GRAIN - YIELD, MEASURED IN BU / ACRE","TOTAL","NOT SPECIFIED","142",""
"SURVEY","2015","YEAR","","COUNTY","NORTH CAROLINA","37","NORTHERN COASTAL","70","CURRITUCK","053","","","00000000","","CORN","CORN, GRAIN - ACRES HARVESTED","TOTAL","NOT SPECIFIED","10,000",""
"SURVEY","2015","YEAR","","COUNTY","NORTH CAROLINA","37","NORTHERN COASTAL","70","CURRITUCK","053","","","00000000","","CORN","CORN, GRAIN - YIELD, MEASURED IN BU / ACRE","TOTAL","NOT SPECIFIED","139.4",""
"SURVEY","2015","YEAR","","COUNTY","NORTH CAROLINA","37","NORTHERN COASTAL","70","EDGECOMBE","065","","","00000000","","CORN","CORN, GRAIN - ACRES HARVESTED","TOTAL","NOT SPECIFIED","8,980",""
"SURVEY","2015","YEAR","","COUNTY","NORTH CAROLINA","37","NORTHERN COASTAL","70","EDGECOMBE","065","","","00000000","","CORN","CORN, GRAIN - YIELD, MEASURED IN BU / ACRE","TOTAL","NOT SPECIFIED","74.2",""
"SURVEY","2015","YEAR","","COUNTY","NORTH CAROLINA","37","NORTHERN COASTAL","70","GATES","073","","","00000000","","CORN","CORN, GRAIN - ACRES HARVESTED","TOTAL","NOT SPECIFIED","4,390",""
"SURVEY","2015","YEAR","","COUNTY","NORTH CAROLINA","37","NORTHERN COASTAL","70","GATES","073","","","00000000","","CORN","CORN, GRAIN - YIELD, MEASURED IN BU / ACRE","TOTAL","NOT SPECIFIED","118.9",""
"SURVEY","2015","YEAR","","COUNTY","NORTH CAROLINA","37","NORTHERN COASTAL","70","HALIFAX","083","","","00000000","","CORN","CORN, GRAIN - ACRES HARVESTED","TOTAL","NOT SPECIFIED","6,360",""
"SURVEY","2015","YEAR","","COUNTY","NORTH CAROLINA","37","NORTHERN COASTAL","70","HALIFAX","083","","","00000000","","CORN","CORN, GRAIN - YIELD, MEASURED IN BU / ACRE","TOTAL","NOT SPECIFIED","82.2",""
"SURVEY","2015","YEAR","","COUNTY","NORTH CAROLINA","37","NORTHERN COASTAL","70","HERTFORD","091","","","00000000","","CORN","CORN, GRAIN - ACRES HARVESTED","TOTAL","NOT SPECIFIED","7,280",""
"SURVEY","2015","YEAR","","COUNTY","NORTH CAROLINA","37","NORTHERN COASTAL","70","HERTFORD","091","","","00000000","","CORN","CORN, GRAIN - YIELD, MEASURED IN BU / ACRE","TOTAL","NOT SPECIFIED","132.6",""
"SURVEY","2015","YEAR","","COUNTY","NORTH CAROLINA","37","NORTHERN COASTAL","70","MARTIN","117","","","00000000","","CORN","CORN, GRAIN - ACRES HARVESTED","TOTAL","NOT SPECIFIED","4,090",""
"SURVEY","2015","YEAR","","COUNTY","NORTH CAROLINA","37","NORTHERN COASTAL","70","MARTIN","117","","","00000000","","CORN","CORN, GRAIN - YIELD, MEASURED IN BU / ACRE","TOTAL","NOT SPECIFIED","82.9",""
"SURVEY","2015","YEAR","","COUNTY","NORTH CAROLINA","37","NORTHERN COASTAL","70","NASH","127","","","00000000","","CORN","CORN, GRAIN - ACRES HARVESTED","TOTAL","NOT SPECIFIED","1,360",""
"SURVEY","2015","YEAR","","COUNTY","NORTH CAROLINA","37","NORTHERN COASTAL","70","NASH","127","","","00000000","","CORN","CORN, GRAIN - YIELD, MEASURED IN BU / ACRE","TOTAL","NOT SPECIFIED","102.1",""
"SURVEY","2015","YEAR","","COUNTY","NORTH CAROLINA","37","NORTHERN COASTAL","70","NORTHAMPTON","131","","","00000000","","CORN","CORN, GRAIN - ACRES HARVESTED","TOTAL","NOT SPECIFIED","6,130",""
"SURVEY","2015","YEAR","","COUNTY","NORTH CAROLINA","37","NORTHERN COASTAL","70","NORTHAMPTON","131","","","00000000","","CORN","CORN, GRAIN - YIELD, MEASURED IN BU / ACRE","TOTAL","NOT SPECIFIED","133",""
"SURVEY","2015","YEAR","","COUNTY","NORTH CAROLINA","37","NORTHERN COASTAL","70","OTHER (COMBINED) COUNTIES","","","","00000000","","CORN","CORN, GRAIN - ACRES HARVESTED","TOTAL","NOT SPECIFIED","18,730",""
"SURVEY","2015","YEAR","","COUNTY","NORTH CAROLINA","37","NORTHERN COASTAL","70","OTHER (COMBINED) COUNTIES","","","","00000000","","CORN","CORN, GRAIN - YIELD, MEASURED IN BU / ACRE","TOTAL","NOT SPECIFIED","148.4",""
"SURVEY","2015","YEAR","","COUNTY","NORTH CAROLINA","37","NORTHERN COASTAL","70","PERQUIMANS","143","","","00000000","","CORN","CORN, GRAIN - ACRES HARVESTED","TOTAL","NOT SPECIFIED","11,700",""
"SURVEY","2015","YEAR","","COUNTY","NORTH CAROLINA","37","NORTHERN COASTAL","70","PERQUIMANS","143","","","00000000","","CORN","CORN, GRAIN - YIELD, MEASURED IN BU / ACRE","TOTAL","NOT SPECIFIED","138.6",""
"SURVEY","2015","YEAR","","COUNTY","NORTH CAROLINA","37","NORTHERN COASTAL","70","TYRRELL","177","","","00000000","","CORN","CORN, GRAIN - ACRES HARVESTED","TOTAL","NOT SPECIFIED","23,300",""
"SURVEY","2015","YEAR","","COUNTY","NORTH CAROLINA","37","NORTHERN COASTAL","70","TYRRELL","177","","","00000000","","CORN","CORN, GRAIN - YIELD, MEASURED IN BU / ACRE","TOTAL","NOT SPECIFIED","145.5",""
"SURVEY","2015","YEAR","","COUNTY","NORTH CAROLINA","37","NORTHERN COASTAL","70","WASHINGTON","187","","","00000000","","CORN","CORN, GRAIN - ACRES HARVESTED","TOTAL","NOT SPECIFIED","27,600",""
"SURVEY","2015","YEAR","","COUNTY","NORTH CAROLINA","37","NORTHERN COASTAL","70","WASHINGTON","187","","","00000000","","CORN","CORN, GRAIN - YIELD, MEASURED IN BU / ACRE","TOTAL","NOT SPECIFIED","155.8",""
"SURVEY","2015","YEAR","","COUNTY","NORTH CAROLINA","37","NORTHERN MOUNTAIN","10","CALDWELL","027","","","00000000","","CORN","CORN, GRAIN - ACRES HARVESTED","TOTAL","NOT SPECIFIED","1,140",""
"SURVEY","2015","YEAR","","COUNTY","NORTH CAROLINA","37","NORTHERN MOUNTAIN","10","CALDWELL","027","","","00000000","","CORN","CORN, GRAIN - YIELD, MEASURED IN BU / ACRE","TOTAL","NOT SPECIFIED","154.4",""
"SURVEY","2015","YEAR","","COUNTY","NORTH CAROLINA","37","NORTHERN MOUNTAIN","10","OTHER (COMBINED) COUNTIES","","","","00000000","","CORN","CORN, GRAIN - ACRES HARVESTED","TOTAL","NOT SPECIFIED","3,510",""
"SURVEY","2015","YEAR","","COUNTY","NORTH CAROLINA","37","NORTHERN MOUNTAIN","10","OTHER (COMBINED) COUNTIES","","","","00000000","","CORN","CORN, GRAIN - YIELD, MEASURED IN BU / ACRE","TOTAL","NOT SPECIFIED","146.4",""
"SURVEY","2015","YEAR","","COUNTY","NORTH CAROLINA","37","NORTHERN MOUNTAIN","10","SURRY","171","","","00000000","","CORN","CORN, GRAIN - ACRES HARVESTED","TOTAL","NOT SPECIFIED","9,450",""
"SURVEY","2015","YEAR","","COUNTY","NORTH CAROLINA","37","NORTHERN MOUNTAIN","10","SURRY","171","","","00000000","","CORN","CORN, GRAIN - YIELD, MEASURED IN BU / ACRE","TOTAL","NOT SPECIFIED","144",""
"SURVEY","2015","YEAR","","COUNTY","NORTH CAROLINA","37","NORTHERN MOUNTAIN","10","YADKIN","197","","","00000000","","CORN","CORN, GRAIN - ACRES HARVESTED","TOTAL","NOT SPECIFIED","10,200",""
"SURVEY","2015","YEAR","","COUNTY","NORTH CAROLINA","37","NORTHERN MOUNTAIN","10","YADKIN","197","","","00000000","","CORN","CORN, GRAIN - YIELD, MEASURED IN BU / ACRE","TOTAL","NOT SPECIFIED","113.6",""
"SURVEY","2015","YEAR","","COUNTY","NORTH CAROLINA","37","NORTHERN PIEDMONT","40","ALAMANCE","001","","","00000000","","CORN","CORN, GRAIN - ACRES HARVESTED","TOTAL","NOT SPECIFIED","1,260",""
"SURVEY","2015","YEAR","","COUNTY","NORTH CAROLINA","37","NORTHERN PIEDMONT","40","ALAMANCE","001","","","00000000","","CORN","CORN, GRAIN - YIELD, MEASURED IN BU / ACRE","TOTAL","NOT SPECIFIED","122.2",""
"SURVEY","2015","YEAR","","COUNTY","NORTH CAROLINA","37","NORTHERN PIEDMONT","40","CASWELL","033","","","00000000","","CORN","CORN, GRAIN - ACRES HARVESTED","TOTAL","NOT SPECIFIED","590",""
"SURVEY","2015","YEAR","","COUNTY","NORTH CAROLINA","37","NORTHERN PIEDMONT","40","CASWELL","033","","","00000000","","CORN","CORN, GRAIN - YIELD, MEASURED IN BU / ACRE","TOTAL","NOT SPECIFIED","86.4",""
"SURVEY","2015","YEAR","","COUNTY","NORTH CAROLINA","37","NORTHERN PIEDMONT","40","FORSYTH","067","","","00000000","","CORN","CORN, GRAIN - ACRES HARVESTED","TOTAL","NOT SPECIFIED","1,310",""
"SURVEY","2015","YEAR","","COUNTY","NORTH CAROLINA","37","NORTHERN PIEDMONT","40","FORSYTH","067","","","00000000","","CORN","CORN, GRAIN - YIELD, MEASURED IN BU / ACRE","TOTAL","NOT SPECIFIED","105.3",""
"SURVEY","2015","YEAR","","COUNTY","NORTH CAROLINA","37","NORTHERN PIEDMONT","40","FRANKLIN","069","","","00000000","","CORN","CORN, GRAIN - ACRES HARVESTED","TOTAL","NOT SPECIFIED","490",""
"SURVEY","2015","YEAR","","COUNTY","NORTH CAROLINA","37","NORTHERN PIEDMONT","40","FRANKLIN","069","","","00000000","","CORN","CORN, GRAIN - YIELD, MEASURED IN BU / ACRE","TOTAL","NOT SPECIFIED","118.4",""
"SURVEY","2015","YEAR","","COUNTY","NORTH CAROLINA","37","NORTHERN PIEDMONT","40","GRANVILLE","077","","","00000000","","CORN","CORN, GRAIN - ACRES HARVESTED","TOTAL","NOT SPECIFIED","1,040",""
"SURVEY","2015","YEAR","","COUNTY","NORTH CAROLINA","37","NORTHERN PIEDMONT","40","GRANVILLE","077","","","00000000","","CORN","CORN, GRAIN - YIELD, MEASURED IN BU / ACRE","TOTAL","NOT SPECIFIED","103.8",""
"SURVEY","2015","YEAR","","COUNTY","NORTH CAROLINA","37","NORTHERN PIEDMONT","40","GUILFORD","081","","","00000000","","CORN","CORN, GRAIN - ACRES HARVESTED","TOTAL","NOT SPECIFIED","2,210",""
"SURVEY","2015","YEAR","","COUNTY","NORTH CAROLINA","37","NORTHERN PIEDMONT","40","GUILFORD","081","","","00000000","","CORN","CORN, GRAIN - YIELD, MEASURED IN BU / ACRE","TOTAL","NOT SPECIFIED","100",""
"SURVEY","2015","YEAR","","COUNTY","NORTH CAROLINA","37","NORTHERN PIEDMONT","40","ORANGE","135","","","00000000","","CORN","CORN, GRAIN - ACRES HARVESTED","TOTAL","NOT SPECIFIED","1,740",""
"SURVEY","2015","YEAR","","COUNTY","NORTH CAROLINA","37","NORTHERN PIEDMONT","40","ORANGE","135","","","00000000","","CORN","CORN, GRAIN - YIELD, MEASURED IN BU / ACRE","TOTAL","NOT SPECIFIED","136.8",""
"SURVEY","2015","YEAR","","COUNTY","NORTH CAROLINA","37","NORTHERN PIEDMONT","40","OTHER (COMBINED) COUNTIES","","","","00000000","","CORN","CORN, GRAIN - ACRES HARVESTED","TOTAL","NOT SPECIFIED","2,210",""
"SURVEY","2015","YEAR","","COUNTY","NORTH CAROLINA","37","NORTHERN PIEDMONT","40","OTHER (COMBINED) COUNTIES","","","","00000000","","CORN","CORN, GRAIN - YIELD, MEASURED IN BU / ACRE","TOTAL","NOT SPECIFIED","138.5",""
"SURVEY","2015","YEAR","","COUNTY","NORTH CAROLINA","37","NORTHERN PIEDMONT","40","ROCKINGHAM","157","","","00000000","","CORN","CORN, GRAIN - ACRES HARVESTED","TOTAL","NOT SPECIFIED","1,550",""
"SURVEY","2015","YEAR","","COUNTY","NORTH CAROLINA","37","NORTHERN PIEDMONT","40","ROCKINGHAM","157","","","00000000","","CORN","CORN, GRAIN - YIELD, MEASURED IN BU / ACRE","TOTAL","NOT SPECIFIED","116.8",""
"SURVEY","2015","YEAR","","COUNTY","NORTH CAROLINA","37","NORTHERN PIEDMONT","40","STOKES","169","","","00000000","","CORN","CORN, GRAIN - ACRES HARVESTED","TOTAL","NOT SPECIFIED","1,100",""
"SURVEY","2015","YEAR","","COUNTY","NORTH CAROLINA","37","NORTHERN PIEDMONT","40","STOKES","169","","","00000000","","CORN","CORN, GRAIN - YIELD, MEASURED IN BU / ACRE","TOTAL","NOT SPECIFIED","111.8",""
"SURVEY","2015","YEAR","","COUNTY","NORTH CAROLINA","37","SOUTHERN COASTAL","90","BLADEN","017","","","00000000","","CORN","CORN, GRAIN - ACRES HARVESTED","TOTAL","NOT SPECIFIED","18,800",""
"SURVEY","2015","YEAR","","COUNTY","NORTH CAROLINA","37","SOUTHERN COASTAL","90","BLADEN","017","","","00000000","","CORN","CORN, GRAIN - YIELD, MEASURED IN BU / ACRE","TOTAL","NOT SPECIFIED","114.7",""
"SURVEY","2015","YEAR","","COUNTY","NORTH CAROLINA","37","SOUTHERN COASTAL","90","BRUNSWICK","019","","","00000000","","CORN","CORN, GRAIN - ACRES HARVESTED","TOTAL","NOT SPECIFIED","6,830",""
"SURVEY","2015","YEAR","","COUNTY","NORTH CAROLINA","37","SOUTHERN COASTAL","90","BRUNSWICK","019","","","00000000","","CORN","CORN, GRAIN - YIELD, MEASURED IN BU / ACRE","TOTAL","NOT SPECIFIED","110.2",""
"SURVEY","2015","YEAR","","COUNTY","NORTH CAROLINA","37","SOUTHERN COASTAL","90","CUMBERLAND","051","","","00000000","","CORN","CORN, GRAIN - ACRES HARVESTED","TOTAL","NOT SPECIFIED","8,150",""
"SURVEY","2015","YEAR","","COUNTY","NORTH CAROLINA","37","SOUTHERN COASTAL","90","CUMBERLAND","051","","","00000000","","CORN","CORN, GRAIN - YIELD, MEASURED IN BU / ACRE","TOTAL","NOT SPECIFIED","98.9",""
"SURVEY","2015","YEAR","","COUNTY","NORTH CAROLINA","37","SOUTHERN COASTAL","90","DUPLIN","061","","","00000000","","CORN","CORN, GRAIN - ACRES HARVESTED","TOTAL","NOT SPECIFIED","36,700",""
"SURVEY","2015","YEAR","","COUNTY","NORTH CAROLINA","37","SOUTHERN COASTAL","90","DUPLIN","061","","","00000000","","CORN","CORN, GRAIN - YIELD, MEASURED IN BU / ACRE","TOTAL","NOT SPECIFIED","105.1",""
"SURVEY","2015","YEAR","","COUNTY","NORTH CAROLINA","37","SOUTHERN COASTAL","90","ONSLOW","133","","","00000000","","CORN","CORN, GRAIN - ACRES HARVESTED","TOTAL","NOT SPECIFIED","9,390",""
"SURVEY","2015","YEAR","","COUNTY","NORTH CAROLINA","37","SOUTHERN COASTAL","90","ONSLOW","133","","","00000000","","CORN","CORN, GRAIN - YIELD, MEASURED IN BU / ACRE","TOTAL","NOT SPECIFIED","95.2",""
"SURVEY","2015","YEAR","","COUNTY","NORTH CAROLINA","37","SOUTHERN COASTAL","90","OTHER (COMBINED) COUNTIES","","","","00000000","","CORN","CORN, GRAIN - ACRES HARVESTED","TOTAL","NOT SPECIFIED","55,530",""
"SURVEY","2015","YEAR","","COUNTY","NORTH CAROLINA","37","SOUTHERN COASTAL","90","OTHER (COMBINED) COUNTIES","","","","00000000","","CORN","CORN, GRAIN - YIELD, MEASURED IN BU / ACRE","TOTAL","NOT SPECIFIED","95.1",""
"SURVEY","2015","YEAR","","COUNTY","NORTH CAROLINA","37","SOUTHERN COASTAL","90","ROBESON","155","","","00000000","","CORN","CORN, GRAIN - ACRES HARVESTED","TOTAL","NOT SPECIFIED","59,400",""
"SURVEY","2015","YEAR","","COUNTY","NORTH CAROLINA","37","SOUTHERN COASTAL","90","ROBESON","155","","","00000000","","CORN","CORN, GRAIN - YIELD, MEASURED IN BU / ACRE","TOTAL","NOT SPECIFIED","97.3",""
"SURVEY","2015","YEAR","","COUNTY","NORTH CAROLINA","37","SOUTHERN COASTAL","90","SAMPSON","163","","","00000000","","CORN","CORN, GRAIN - ACRES HARVESTED","TOTAL","NOT SPECIFIED","26,200",""
"SURVEY","2015","YEAR","","COUNTY","NORTH CAROLINA","37","SOUTHERN COASTAL","90","SAMPSON","163","","","00000000","","CORN","CORN, GRAIN - YIELD, MEASURED IN BU / ACRE","TOTAL","NOT SPECIFIED","110.5",""
"SURVEY","2015","YEAR","","COUNTY","NORTH CAROLINA","37","SOUTHERN PIEDMONT","60","ANSON","007","","","00000000","","CORN","CORN, GRAIN - ACRES HARVESTED","TOTAL","NOT SPECIFIED","7,450",""
"SURVEY","2015","YEAR","","COUNTY","NORTH CAROLINA","37","SOUTHERN PIEDMONT","60","ANSON","007","","","00000000","","CORN","CORN, GRAIN - YIELD, MEASURED IN BU / ACRE","TOTAL","NOT SPECIFIED","85.5",""
"SURVEY","2015","YEAR","","COUNTY","NORTH CAROLINA","37","SOUTHERN PIEDMONT","60","CABARRUS","025","","","00000000","","CORN","CORN, GRAIN - ACRES HARVESTED","TOTAL","NOT SPECIFIED","3,510",""
"SURVEY","2015","YEAR","","COUNTY","NORTH CAROLINA","37","SOUTHERN PIEDMONT","60","CABARRUS","025","","","00000000","","CORN","CORN, GRAIN - YIELD, MEASURED IN BU / ACRE","TOTAL","NOT SPECIFIED","58.4",""
"SURVEY","2015","YEAR","","COUNTY","NORTH CAROLINA","37","SOUTHERN PIEDMONT","60","CLEVELAND","045","","","00000000","","CORN","CORN, GRAIN - ACRES HARVESTED","TOTAL","NOT SPECIFIED","1,090",""
"SURVEY","2015","YEAR","","COUNTY","NORTH CAROLINA","37","SOUTHERN PIEDMONT","60","CLEVELAND","045","","","00000000","","CORN","CORN, GRAIN - YIELD, MEASURED IN BU / ACRE","TOTAL","NOT SPECIFIED","56",""
"SURVEY","2015","YEAR","","COUNTY","NORTH CAROLINA","37","SOUTHERN PIEDMONT","60","LINCOLN","109","","","00000000","","CORN","CORN, GRAIN - ACRES HARVESTED","TOTAL","NOT SPECIFIED","350",""
"SURVEY","2015","YEAR","","COUNTY","NORTH CAROLINA","37","SOUTHERN PIEDMONT","60","LINCOLN","109","","","00000000","","CORN","CORN, GRAIN - YIELD, MEASURED IN BU / ACRE","TOTAL","NOT SPECIFIED","42.6",""
"SURVEY","2015","YEAR","","COUNTY","NORTH CAROLINA","37","SOUTHERN PIEDMONT","60","MOORE","125","","","00000000","","CORN","CORN, GRAIN - ACRES HARVESTED","TOTAL","NOT SPECIFIED","1,150",""
"SURVEY","2015","YEAR","","COUNTY","NORTH CAROLINA","37","SOUTHERN PIEDMONT","60","MOORE","125","","","00000000","","CORN","CORN, GRAIN - YIELD, MEASURED IN BU / ACRE","TOTAL","NOT SPECIFIED","91.3",""
"SURVEY","2015","YEAR","","COUNTY","NORTH CAROLINA","37","SOUTHERN PIEDMONT","60","OTHER (COMBINED) COUNTIES","","","","00000000","","CORN","CORN, GRAIN - ACRES HARVESTED","TOTAL","NOT SPECIFIED","4,200",""
"SURVEY","2015","YEAR","","COUNTY","NORTH CAROLINA","37","SOUTHERN PIEDMONT","60","OTHER (COMBINED) COUNTIES","","","","00000000","","CORN","CORN, GRAIN - YIELD, MEASURED IN BU / ACRE","TOTAL","NOT SPECIFIED","88.6",""
"SURVEY","2015","YEAR","","COUNTY","NORTH CAROLINA","37","SOUTHERN PIEDMONT","60","STANLY","167","","","00000000","","CORN","CORN, GRAIN - ACRES HARVESTED","TOTAL","NOT SPECIFIED","9,950",""
"SURVEY","2015","YEAR","","COUNTY","NORTH CAROLINA","37","SOUTHERN PIEDMONT","60","STANLY","167","","","00000000","","CORN","CORN, GRAIN - YIELD, MEASURED IN BU / ACRE","TOTAL","NOT SPECIFIED","115",""
"SURVEY","2015","YEAR","","COUNTY","NORTH CAROLINA","37","SOUTHERN PIEDMONT","60","UNION","179","","","00000000","","CORN","CORN, GRAIN - ACRES HARVESTED","TOTAL","NOT SPECIFIED","28,900",""
"SURVEY","2015","YEAR","","COUNTY","NORTH CAROLINA","37","SOUTHERN PIEDMONT","60","UNION","179","","","00000000","","CORN","CORN, GRAIN - YIELD, MEASURED IN BU / ACRE","TOTAL","NOT SPECIFIED","70.1",""
"SURVEY","2015","YEAR","","COUNTY","NORTH CAROLINA","37","WESTERN MOUNTAIN","20","BUNCOMBE","021","","","00000000","","CORN","CORN, GRAIN - ACRES HARVESTED","TOTAL","NOT SPECIFIED","100",""
"SURVEY","2015","YEAR","","COUNTY","NORTH CAROLINA","37","WESTERN MOUNTAIN","20","BUNCOMBE","021","","","00000000","","CORN","CORN, GRAIN - YIELD, MEASURED IN BU / ACRE","TOTAL","NOT SPECIFIED","142",""
"SURVEY","2015","YEAR","","COUNTY","NORTH CAROLINA","37","WESTERN MOUNTAIN","20","BURKE","023","","","00000000","","CORN","CORN, GRAIN - ACRES HARVESTED","TOTAL","NOT SPECIFIED","920",""
"SURVEY","2015","YEAR","","COUNTY","NORTH CAROLINA","37","WESTERN MOUNTAIN","20","BURKE","023","","","00000000","","CORN","CORN, GRAIN - YIELD, MEASURED IN BU / ACRE","TOTAL","NOT SPECIFIED","97.8",""
"SURVEY","2015","YEAR","","COUNTY","NORTH CAROLINA","37","WESTERN MOUNTAIN","20","OTHER (COMBINED) COUNTIES","","","","00000000","","CORN","CORN, GRAIN - ACRES HARVESTED","TOTAL","NOT SPECIFIED","5,350",""
"SURVEY","2015","YEAR","","COUNTY","NORTH CAROLINA","37","WESTERN MOUNTAIN","20","OTHER (COMBINED) COUNTIES","","","","00000000","","CORN","CORN, GRAIN - YIELD, MEASURED IN BU / ACRE","TOTAL","NOT SPECIFIED","172.6",""
"SURVEY","2015","YEAR","","COUNTY","NORTH CAROLINA","37","WESTERN MOUNTAIN","20","RUTHERFORD","161","","","00000000","","CORN","CORN, GRAIN - ACRES HARVESTED","TOTAL","NOT SPECIFIED","230",""
"SURVEY","2015","YEAR","","COUNTY","NORTH CAROLINA","37","WESTERN MOUNTAIN","20","RUTHERFORD","161","","","00000000","","CORN","CORN, GRAIN - YIELD, MEASURED IN BU / ACRE","TOTAL","NOT SPECIFIED","75.2",""
"SURVEY","2014","YEAR","","COUNTY","NORTH CAROLINA","37","CENTRAL COASTAL","80","BEAUFORT","013","","","00000000","","CORN","CORN, GRAIN - ACRES HARVESTED","TOTAL","NOT SPECIFIED","38,500",""
"SURVEY","2014","YEAR","","COUNTY","NORTH CAROLINA","37","CENTRAL COASTAL","80","BEAUFORT","013","","","00000000","","CORN","CORN, GRAIN - YIELD, MEASURED IN BU / ACRE","TOTAL","NOT SPECIFIED","136.1",""
"SURVEY","2014","YEAR","","COUNTY","NORTH CAROLINA","37","CENTRAL COASTAL","80","CRAVEN","049","","","00000000","","CORN","CORN, GRAIN - ACRES HARVESTED","TOTAL","NOT SPECIFIED","16,100",""
"SURVEY","2014","YEAR","","COUNTY","NORTH CAROLINA","37","CENTRAL COASTAL","80","CRAVEN","049","","","00000000","","CORN","CORN, GRAIN - YIELD, MEASURED IN BU / ACRE","TOTAL","NOT SPECIFIED","149.1",""
"SURVEY","2014","YEAR","","COUNTY","NORTH CAROLINA","37","CENTRAL COASTAL","80","GREENE","079","","","00000000","","CORN","CORN, GRAIN - ACRES HARVESTED","TOTAL","NOT SPECIFIED","7,100",""
"SURVEY","2014","YEAR","","COUNTY","NORTH CAROLINA","37","CENTRAL COASTAL","80","GREENE","079","","","00000000","","CORN","CORN, GRAIN - YIELD, MEASURED IN BU / ACRE","TOTAL","NOT SPECIFIED","151.1",""
"SURVEY","2014","YEAR","","COUNTY","NORTH CAROLINA","37","CENTRAL COASTAL","80","JOHNSTON","101","","","00000000","","CORN","CORN, GRAIN - ACRES HARVESTED","TOTAL","NOT SPECIFIED","6,100",""
"SURVEY","2014","YEAR","","COUNTY","NORTH CAROLINA","37","CENTRAL COASTAL","80","JOHNSTON","101","","","00000000","","CORN","CORN, GRAIN - YIELD, MEASURED IN BU / ACRE","TOTAL","NOT SPECIFIED","133",""
"SURVEY","2014","YEAR","","COUNTY","NORTH CAROLINA","37","CENTRAL COASTAL","80","JONES","103","","","00000000","","CORN","CORN, GRAIN - ACRES HARVESTED","TOTAL","NOT SPECIFIED","12,900",""
"SURVEY","2014","YEAR","","COUNTY","NORTH CAROLINA","37","CENTRAL COASTAL","80","JONES","103","","","00000000","","CORN","CORN, GRAIN - YIELD, MEASURED IN BU / ACRE","TOTAL","NOT SPECIFIED","156",""
"SURVEY","2014","YEAR","","COUNTY","NORTH CAROLINA","37","CENTRAL COASTAL","80","LENOIR","107","","","00000000","","CORN","CORN, GRAIN - ACRES HARVESTED","TOTAL","NOT SPECIFIED","19,200",""
"SURVEY","2014","YEAR","","COUNTY","NORTH CAROLINA","37","CENTRAL COASTAL","80","LENOIR","107","","","00000000","","CORN","CORN, GRAIN - YIELD, MEASURED IN BU / ACRE","TOTAL","NOT SPECIFIED","149.7",""
"SURVEY","2014","YEAR","","COUNTY","NORTH CAROLINA","37","CENTRAL COASTAL","80","OTHER (COMBINED) COUNTIES","","","","00000000","","CORN","CORN, GRAIN - ACRES HARVESTED","TOTAL","NOT SPECIFIED","53,700",""
"SURVEY","2014","YEAR","","COUNTY","NORTH CAROLINA","37","CENTRAL COASTAL","80","OTHER (COMBINED) COUNTIES","","","","00000000","","CORN","CORN, GRAIN - YIELD, MEASURED IN BU / ACRE","TOTAL","NOT SPECIFIED","115.7",""
"SURVEY","2014","YEAR","","COUNTY","NORTH CAROLINA","37","CENTRAL COASTAL","80","PAMLICO","137","","","00000000","","CORN","CORN, GRAIN - ACRES HARVESTED","TOTAL","NOT SPECIFIED","16,700",""
"SURVEY","2014","YEAR","","COUNTY","NORTH CAROLINA","37","CENTRAL COASTAL","80","PAMLICO","137","","","00000000","","CORN","CORN, GRAIN - YIELD, MEASURED IN BU / ACRE","TOTAL","NOT SPECIFIED","147.5",""
"SURVEY","2014","YEAR","","COUNTY","NORTH CAROLINA","37","CENTRAL COASTAL","80","PITT","147","","","00000000","","CORN","CORN, GRAIN - ACRES HARVESTED","TOTAL","NOT SPECIFIED","16,900",""
"SURVEY","2014","YEAR","","COUNTY","NORTH CAROLINA","37","CENTRAL COASTAL","80","PITT","147","","","00000000","","CORN","CORN, GRAIN - YIELD, MEASURED IN BU / ACRE","TOTAL","NOT SPECIFIED","126.9",""
"SURVEY","2014","YEAR","","COUNTY","NORTH CAROLINA","37","CENTRAL COASTAL","80","WAYNE","191","","","00000000","","CORN","CORN, GRAIN - ACRES HARVESTED","TOTAL","NOT SPECIFIED","21,500",""
"SURVEY","2014","YEAR","","COUNTY","NORTH CAROLINA","37","CENTRAL COASTAL","80","WAYNE","191","","","00000000","","CORN","CORN, GRAIN - YIELD, MEASURED IN BU / ACRE","TOTAL","NOT SPECIFIED","138.3",""
"SURVEY","2014","YEAR","","COUNTY","NORTH CAROLINA","37","CENTRAL COASTAL","80","WILSON","195","","","00000000","","CORN","CORN, GRAIN - ACRES HARVESTED","TOTAL","NOT SPECIFIED","6,300",""
"SURVEY","2014","YEAR","","COUNTY","NORTH CAROLINA","37","CENTRAL COASTAL","80","WILSON","195","","","00000000","","CORN","CORN, GRAIN - YIELD, MEASURED IN BU / ACRE","TOTAL","NOT SPECIFIED","145.9",""
"SURVEY","2014","YEAR","","COUNTY","NORTH CAROLINA","37","CENTRAL PIEDMONT","50","ALEXANDER","003","","","00000000","","CORN","CORN, GRAIN - ACRES HARVESTED","TOTAL","NOT SPECIFIED","700",""
"SURVEY","2014","YEAR","","COUNTY","NORTH CAROLINA","37","CENTRAL PIEDMONT","50","ALEXANDER","003","","","00000000","","CORN","CORN, GRAIN - YIELD, MEASURED IN BU / ACRE","TOTAL","NOT SPECIFIED","139.4",""
"SURVEY","2014","YEAR","","COUNTY","NORTH CAROLINA","37","CENTRAL PIEDMONT","50","CATAWBA","035","","","00000000","","CORN","CORN, GRAIN - ACRES HARVESTED","TOTAL","NOT SPECIFIED","2,800",""
"SURVEY","2014","YEAR","","COUNTY","NORTH CAROLINA","37","CENTRAL PIEDMONT","50","CATAWBA","035","","","00000000","","CORN","CORN, GRAIN - YIELD, MEASURED IN BU / ACRE","TOTAL","NOT SPECIFIED","131.4",""
"SURVEY","2014","YEAR","","COUNTY","NORTH CAROLINA","37","CENTRAL PIEDMONT","50","CHATHAM","037","","","00000000","","CORN","CORN, GRAIN - ACRES HARVESTED","TOTAL","NOT SPECIFIED","1,700",""
"SURVEY","2014","YEAR","","COUNTY","NORTH CAROLINA","37","CENTRAL PIEDMONT","50","CHATHAM","037","","","00000000","","CORN","CORN, GRAIN - YIELD, MEASURED IN BU / ACRE","TOTAL","NOT SPECIFIED","102.9",""
"SURVEY","2014","YEAR","","COUNTY","NORTH CAROLINA","37","CENTRAL PIEDMONT","50","DAVIDSON","057","","","00000000","","CORN","CORN, GRAIN - ACRES HARVESTED","TOTAL","NOT SPECIFIED","6,100",""
"SURVEY","2014","YEAR","","COUNTY","NORTH CAROLINA","37","CENTRAL PIEDMONT","50","DAVIDSON","057","","","00000000","","CORN","CORN, GRAIN - YIELD, MEASURED IN BU / ACRE","TOTAL","NOT SPECIFIED","109.7",""
"SURVEY","2014","YEAR","","COUNTY","NORTH CAROLINA","37","CENTRAL PIEDMONT","50","DAVIE","059","","","00000000","","CORN","CORN, GRAIN - ACRES HARVESTED","TOTAL","NOT SPECIFIED","7,500",""
"SURVEY","2014","YEAR","","COUNTY","NORTH CAROLINA","37","CENTRAL PIEDMONT","50","DAVIE","059","","","00000000","","CORN","CORN, GRAIN - YIELD, MEASURED IN BU / ACRE","TOTAL","NOT SPECIFIED","114.3",""
"SURVEY","2014","YEAR","","COUNTY","NORTH CAROLINA","37","CENTRAL PIEDMONT","50","IREDELL","097","","","00000000","","CORN","CORN, GRAIN - ACRES HARVESTED","TOTAL","NOT SPECIFIED","11,800",""
"SURVEY","2014","YEAR","","COUNTY","NORTH CAROLINA","37","CENTRAL PIEDMONT","50","IREDELL","097","","","00000000","","CORN","CORN, GRAIN - YIELD, MEASURED IN BU / ACRE","TOTAL","NOT SPECIFIED","128",""
"SURVEY","2014","YEAR","","COUNTY","NORTH CAROLINA","37","CENTRAL PIEDMONT","50","OTHER (COMBINED) COUNTIES","","","","00000000","","CORN","CORN, GRAIN - ACRES HARVESTED","TOTAL","NOT SPECIFIED","1,100",""
"SURVEY","2014","YEAR","","COUNTY","NORTH CAROLINA","37","CENTRAL PIEDMONT","50","OTHER (COMBINED) COUNTIES","","","","00000000","","CORN","CORN, GRAIN - YIELD, MEASURED IN BU / ACRE","TOTAL","NOT SPECIFIED","84.1",""
"SURVEY","2014","YEAR","","COUNTY","NORTH CAROLINA","37","CENTRAL PIEDMONT","50","RANDOLPH","151","","","00000000","","CORN","CORN, GRAIN - ACRES HARVESTED","TOTAL","NOT SPECIFIED","6,900",""
"SURVEY","2014","YEAR","","COUNTY","NORTH CAROLINA","37","CENTRAL PIEDMONT","50","RANDOLPH","151","","","00000000","","CORN","CORN, GRAIN - YIELD, MEASURED IN BU / ACRE","TOTAL","NOT SPECIFIED","94.3",""
"SURVEY","2014","YEAR","","COUNTY","NORTH CAROLINA","37","CENTRAL PIEDMONT","50","ROWAN","159","","","00000000","","CORN","CORN, GRAIN - ACRES HARVESTED","TOTAL","NOT SPECIFIED","9,400",""
"SURVEY","2014","YEAR","","COUNTY","NORTH CAROLINA","37","CENTRAL PIEDMONT","50","ROWAN","159","","","00000000","","CORN","CORN, GRAIN - YIELD, MEASURED IN BU / ACRE","TOTAL","NOT SPECIFIED","114.8",""
"SURVEY","2014","YEAR","","COUNTY","NORTH CAROLINA","37","NORTHERN COASTAL","70","BERTIE","015","","","00000000","","CORN","CORN, GRAIN - ACRES HARVESTED","TOTAL","NOT SPECIFIED","9,400",""
"SURVEY","2014","YEAR","","COUNTY","NORTH CAROLINA","37","NORTHERN COASTAL","70","BERTIE","015","","","00000000","","CORN","CORN, GRAIN - YIELD, MEASURED IN BU / ACRE","TOTAL","NOT SPECIFIED","128.7",""
"SURVEY","2014","YEAR","","COUNTY","NORTH CAROLINA","37","NORTHERN COASTAL","70","CAMDEN","029","","","00000000","","CORN","CORN, GRAIN - ACRES HARVESTED","TOTAL","NOT SPECIFIED","16,800",""
"SURVEY","2014","YEAR","","COUNTY","NORTH CAROLINA","37","NORTHERN COASTAL","70","CAMDEN","029","","","00000000","","CORN","CORN, GRAIN - YIELD, MEASURED IN BU / ACRE","TOTAL","NOT SPECIFIED","184.8",""
"SURVEY","2014","YEAR","","COUNTY","NORTH CAROLINA","37","NORTHERN COASTAL","70","CHOWAN","041","","","00000000","","CORN","CORN, GRAIN - ACRES HARVESTED","TOTAL","NOT SPECIFIED","5,000",""
"SURVEY","2014","YEAR","","COUNTY","NORTH CAROLINA","37","NORTHERN COASTAL","70","CHOWAN","041","","","00000000","","CORN","CORN, GRAIN - YIELD, MEASURED IN BU / ACRE","TOTAL","NOT SPECIFIED","129.6",""
"SURVEY","2014","YEAR","","COUNTY","NORTH CAROLINA","37","NORTHERN COASTAL","70","CURRITUCK","053","","","00000000","","CORN","CORN, GRAIN - ACRES HARVESTED","TOTAL","NOT SPECIFIED","12,300",""
"SURVEY","2014","YEAR","","COUNTY","NORTH CAROLINA","37","NORTHERN COASTAL","70","CURRITUCK","053","","","00000000","","CORN","CORN, GRAIN - YIELD, MEASURED IN BU / ACRE","TOTAL","NOT SPECIFIED","153.7",""
"SURVEY","2014","YEAR","","COUNTY","NORTH CAROLINA","37","NORTHERN COASTAL","70","EDGECOMBE","065","","","00000000","","CORN","CORN, GRAIN - ACRES HARVESTED","TOTAL","NOT SPECIFIED","9,900",""
"SURVEY","2014","YEAR","","COUNTY","NORTH CAROLINA","37","NORTHERN COASTAL","70","EDGECOMBE","065","","","00000000","","CORN","CORN, GRAIN - YIELD, MEASURED IN BU / ACRE","TOTAL","NOT SPECIFIED","128.9",""
"SURVEY","2014","YEAR","","COUNTY","NORTH CAROLINA","37","NORTHERN COASTAL","70","GATES","073","","","00000000","","CORN","CORN, GRAIN - ACRES HARVESTED","TOTAL","NOT SPECIFIED","3,900",""
"SURVEY","2014","YEAR","","COUNTY","NORTH CAROLINA","37","NORTHERN COASTAL","70","GATES","073","","","00000000","","CORN","CORN, GRAIN - YIELD, MEASURED IN BU / ACRE","TOTAL","NOT SPECIFIED","158.5",""
"SURVEY","2014","YEAR","","COUNTY","NORTH CAROLINA","37","NORTHERN COASTAL","70","HALIFAX","083","","","00000000","","CORN","CORN, GRAIN - ACRES HARVESTED","TOTAL","NOT SPECIFIED","4,500",""
"SURVEY","2014","YEAR","","COUNTY","NORTH CAROLINA","37","NORTHERN COASTAL","70","HALIFAX","083","","","00000000","","CORN","CORN, GRAIN - YIELD, MEASURED IN BU / ACRE","TOTAL","NOT SPECIFIED","126.2",""
"SURVEY","2014","YEAR","","COUNTY","NORTH CAROLINA","37","NORTHERN COASTAL","70","HERTFORD","091","","","00000000","","CORN","CORN, GRAIN - ACRES HARVESTED","TOTAL","NOT SPECIFIED","6,900",""
"SURVEY","2014","YEAR","","COUNTY","NORTH CAROLINA","37","NORTHERN COASTAL","70","HERTFORD","091","","","00000000","","CORN","CORN, GRAIN - YIELD, MEASURED IN BU / ACRE","TOTAL","NOT SPECIFIED","147.4",""
"SURVEY","2014","YEAR","","COUNTY","NORTH CAROLINA","37","NORTHERN COASTAL","70","MARTIN","117","","","00000000","","CORN","CORN, GRAIN - ACRES HARVESTED","TOTAL","NOT SPECIFIED","3,060",""
"SURVEY","2014","YEAR","","COUNTY","NORTH CAROLINA","37","NORTHERN COASTAL","70","MARTIN","117","","","00000000","","CORN","CORN, GRAIN - YIELD, MEASURED IN BU / ACRE","TOTAL","NOT SPECIFIED","113.1",""
"SURVEY","2014","YEAR","","COUNTY","NORTH CAROLINA","37","NORTHERN COASTAL","70","NORTHAMPTON","131","","","00000000","","CORN","CORN, GRAIN - ACRES HARVESTED","TOTAL","NOT SPECIFIED","5,700",""
"SURVEY","2014","YEAR","","COUNTY","NORTH CAROLINA","37","NORTHERN COASTAL","70","NORTHAMPTON","131","","","00000000","","CORN","CORN, GRAIN - YIELD, MEASURED IN BU / ACRE","TOTAL","NOT SPECIFIED","129.8",""
"SURVEY","2014","YEAR","","COUNTY","NORTH CAROLINA","37","NORTHERN COASTAL","70","OTHER (COMBINED) COUNTIES","","","","00000000","","CORN","CORN, GRAIN - ACRES HARVESTED","TOTAL","NOT SPECIFIED","1,740",""
"SURVEY","2014","YEAR","","COUNTY","NORTH CAROLINA","37","NORTHERN COASTAL","70","OTHER (COMBINED) COUNTIES","","","","00000000","","CORN","CORN, GRAIN - YIELD, MEASURED IN BU / ACRE","TOTAL","NOT SPECIFIED","146",""
"SURVEY","2014","YEAR","","COUNTY","NORTH CAROLINA","37","NORTHERN COASTAL","70","PASQUOTANK","139","","","00000000","","CORN","CORN, GRAIN - ACRES HARVESTED","TOTAL","NOT SPECIFIED","25,200",""
"SURVEY","2014","YEAR","","COUNTY","NORTH CAROLINA","37","NORTHERN COASTAL","70","PASQUOTANK","139","","","00000000","","CORN","CORN, GRAIN - YIELD, MEASURED IN BU / ACRE","TOTAL","NOT SPECIFIED","174",""
"SURVEY","2014","YEAR","","COUNTY","NORTH CAROLINA","37","NORTHERN COASTAL","70","PERQUIMANS","143","","","00000000","","CORN","CORN, GRAIN - ACRES HARVESTED","TOTAL","NOT SPECIFIED","14,200",""
"SURVEY","2014","YEAR","","COUNTY","NORTH CAROLINA","37","NORTHERN COASTAL","70","PERQUIMANS","143","","","00000000","","CORN","CORN, GRAIN - YIELD, MEASURED IN BU / ACRE","TOTAL","NOT SPECIFIED","151.1",""
"SURVEY","2014","YEAR","","COUNTY","NORTH CAROLINA","37","NORTHERN COASTAL","70","TYRRELL","177","","","00000000","","CORN","CORN, GRAIN - ACRES HARVESTED","TOTAL","NOT SPECIFIED","25,400",""
"SURVEY","2014","YEAR","","COUNTY","NORTH CAROLINA","37","NORTHERN COASTAL","70","TYRRELL","177","","","00000000","","CORN","CORN, GRAIN - YIELD, MEASURED IN BU / ACRE","TOTAL","NOT SPECIFIED","143",""
"SURVEY","2014","YEAR","","COUNTY","NORTH CAROLINA","37","NORTHERN COASTAL","70","WASHINGTON","187","","","00000000","","CORN","CORN, GRAIN - ACRES HARVESTED","TOTAL","NOT SPECIFIED","27,000",""
"SURVEY","2014","YEAR","","COUNTY","NORTH CAROLINA","37","NORTHERN COASTAL","70","WASHINGTON","187","","","00000000","","CORN","CORN, GRAIN - YIELD, MEASURED IN BU / ACRE","TOTAL","NOT SPECIFIED","165.5",""
"SURVEY","2014","YEAR","","COUNTY","NORTH CAROLINA","37","NORTHERN MOUNTAIN","10","CALDWELL","027","","","00000000","","CORN","CORN, GRAIN - ACRES HARVESTED","TOTAL","NOT SPECIFIED","1,000",""
"SURVEY","2014","YEAR","","COUNTY","NORTH CAROLINA","37","NORTHERN MOUNTAIN","10","CALDWELL","027","","","00000000","","CORN","CORN, GRAIN - YIELD, MEASURED IN BU / ACRE","TOTAL","NOT SPECIFIED","145",""
"SURVEY","2014","YEAR","","COUNTY","NORTH CAROLINA","37","NORTHERN MOUNTAIN","10","OTHER (COMBINED) COUNTIES","","","","00000000","","CORN","CORN, GRAIN - ACRES HARVESTED","TOTAL","NOT SPECIFIED","4,800",""
"SURVEY","2014","YEAR","","COUNTY","NORTH CAROLINA","37","NORTHERN MOUNTAIN","10","OTHER (COMBINED) COUNTIES","","","","00000000","","CORN","CORN, GRAIN - YIELD, MEASURED IN BU / ACRE","TOTAL","NOT SPECIFIED","144",""
"SURVEY","2014","YEAR","","COUNTY","NORTH CAROLINA","37","NORTHERN MOUNTAIN","10","SURRY","171","","","00000000","","CORN","CORN, GRAIN - ACRES HARVESTED","TOTAL","NOT SPECIFIED","9,000",""
"SURVEY","2014","YEAR","","COUNTY","NORTH CAROLINA","37","NORTHERN MOUNTAIN","10","SURRY","171","","","00000000","","CORN","CORN, GRAIN - YIELD, MEASURED IN BU / ACRE","TOTAL","NOT SPECIFIED","151.6",""
"SURVEY","2014","YEAR","","COUNTY","NORTH CAROLINA","37","NORTHERN MOUNTAIN","10","YADKIN","197","","","00000000","","CORN","CORN, GRAIN - ACRES HARVESTED","TOTAL","NOT SPECIFIED","11,200",""
"SURVEY","2014","YEAR","","COUNTY","NORTH CAROLINA","37","NORTHERN MOUNTAIN","10","YADKIN","197","","","00000000","","CORN","CORN, GRAIN - YIELD, MEASURED IN BU / ACRE","TOTAL","NOT SPECIFIED","119.2",""
"SURVEY","2014","YEAR","","COUNTY","NORTH CAROLINA","37","NORTHERN PIEDMONT","40","GUILFORD","081","","","00000000","","CORN","CORN, GRAIN - ACRES HARVESTED","TOTAL","NOT SPECIFIED","3,200",""
"SURVEY","2014","YEAR","","COUNTY","NORTH CAROLINA","37","NORTHERN PIEDMONT","40","GUILFORD","081","","","00000000","","CORN","CORN, GRAIN - YIELD, MEASURED IN BU / ACRE","TOTAL","NOT SPECIFIED","78.1",""
"SURVEY","2014","YEAR","","COUNTY","NORTH CAROLINA","37","NORTHERN PIEDMONT","40","ORANGE","135","","","00000000","","CORN","CORN, GRAIN - ACRES HARVESTED","TOTAL","NOT SPECIFIED","2,200",""
"SURVEY","2014","YEAR","","COUNTY","NORTH CAROLINA","37","NORTHERN PIEDMONT","40","ORANGE","135","","","00000000","","CORN","CORN, GRAIN - YIELD, MEASURED IN BU / ACRE","TOTAL","NOT SPECIFIED","97.7",""
"SURVEY","2014","YEAR","","COUNTY","NORTH CAROLINA","37","NORTHERN PIEDMONT","40","OTHER (COMBINED) COUNTIES","","","","00000000","","CORN","CORN, GRAIN - ACRES HARVESTED","TOTAL","NOT SPECIFIED","9,800",""
"SURVEY","2014","YEAR","","COUNTY","NORTH CAROLINA","37","NORTHERN PIEDMONT","40","OTHER (COMBINED) COUNTIES","","","","00000000","","CORN","CORN, GRAIN - YIELD, MEASURED IN BU / ACRE","TOTAL","NOT SPECIFIED","87.7",""
"SURVEY","2014","YEAR","","COUNTY","NORTH CAROLINA","37","NORTHERN PIEDMONT","40","PERSON","145","","","00000000","","CORN","CORN, GRAIN - ACRES HARVESTED","TOTAL","NOT SPECIFIED","2,300",""
"SURVEY","2014","YEAR","","COUNTY","NORTH CAROLINA","37","NORTHERN PIEDMONT","40","PERSON","145","","","00000000","","CORN","CORN, GRAIN - YIELD, MEASURED IN BU / ACRE","TOTAL","NOT SPECIFIED","107",""
"SURVEY","2014","YEAR","","COUNTY","NORTH CAROLINA","37","NORTHERN PIEDMONT","40","ROCKINGHAM","157","","","00000000","","CORN","CORN, GRAIN - ACRES HARVESTED","TOTAL","NOT SPECIFIED","2,000",""
"SURVEY","2014","YEAR","","COUNTY","NORTH CAROLINA","37","NORTHERN PIEDMONT","40","ROCKINGHAM","157","","","00000000","","CORN","CORN, GRAIN - YIELD, MEASURED IN BU / ACRE","TOTAL","NOT SPECIFIED","95",""
"SURVEY","2014","YEAR","","COUNTY","NORTH CAROLINA","37","SOUTHERN COASTAL","90","BLADEN","017","","","00000000","","CORN","CORN, GRAIN - ACRES HARVESTED","TOTAL","NOT SPECIFIED","21,200",""
"SURVEY","2014","YEAR","","COUNTY","NORTH CAROLINA","37","SOUTHERN COASTAL","90","BLADEN","017","","","00000000","","CORN","CORN, GRAIN - YIELD, MEASURED IN BU / ACRE","TOTAL","NOT SPECIFIED","112.1",""
"SURVEY","2014","YEAR","","COUNTY","NORTH CAROLINA","37","SOUTHERN COASTAL","90","BRUNSWICK","019","","","00000000","","CORN","CORN, GRAIN - ACRES HARVESTED","TOTAL","NOT SPECIFIED","6,800",""
"SURVEY","2014","YEAR","","COUNTY","NORTH CAROLINA","37","SOUTHERN COASTAL","90","BRUNSWICK","019","","","00000000","","CORN","CORN, GRAIN - YIELD, MEASURED IN BU / ACRE","TOTAL","NOT SPECIFIED","107.6",""
"SURVEY","2014","YEAR","","COUNTY","NORTH CAROLINA","37","SOUTHERN COASTAL","90","COLUMBUS","047","","","00000000","","CORN","CORN, GRAIN - ACRES HARVESTED","TOTAL","NOT SPECIFIED","29,400",""
"SURVEY","2014","YEAR","","COUNTY","NORTH CAROLINA","37","SOUTHERN COASTAL","90","COLUMBUS","047","","","00000000","","CORN","CORN, GRAIN - YIELD, MEASURED IN BU / ACRE","TOTAL","NOT SPECIFIED","121.4",""
"SURVEY","2014","YEAR","","COUNTY","NORTH CAROLINA","37","SOUTHERN COASTAL","90","CUMBERLAND","051","","","00000000","","CORN","CORN, GRAIN - ACRES HARVESTED","TOTAL","NOT SPECIFIED","8,700",""
"SURVEY","2014","YEAR","","COUNTY","NORTH CAROLINA","37","SOUTHERN COASTAL","90","CUMBERLAND","051","","","00000000","","CORN","CORN, GRAIN - YIELD, MEASURED IN BU / ACRE","TOTAL","NOT SPECIFIED","100",""
"SURVEY","2014","YEAR","","COUNTY","NORTH CAROLINA","37","SOUTHERN COASTAL","90","DUPLIN","061","","","00000000","","CORN","CORN, GRAIN - ACRES HARVESTED","TOTAL","NOT SPECIFIED","37,100",""
"SURVEY","2014","YEAR","","COUNTY","NORTH CAROLINA","37","SOUTHERN COASTAL","90","DUPLIN","061","","","00000000","","CORN","CORN, GRAIN - YIELD, MEASURED IN BU / ACRE","TOTAL","NOT SPECIFIED","131.9",""
"SURVEY","2014","YEAR","","COUNTY","NORTH CAROLINA","37","SOUTHERN COASTAL","90","HOKE","093","","","00000000","","CORN","CORN, GRAIN - ACRES HARVESTED","TOTAL","NOT SPECIFIED","5,800",""
"SURVEY","2014","YEAR","","COUNTY","NORTH CAROLINA","37","SOUTHERN COASTAL","90","HOKE","093","","","00000000","","CORN","CORN, GRAIN - YIELD, MEASURED IN BU / ACRE","TOTAL","NOT SPECIFIED","116.4",""
"SURVEY","2014","YEAR","","COUNTY","NORTH CAROLINA","37","SOUTHERN COASTAL","90","ONSLOW","133","","","00000000","","CORN","CORN, GRAIN - ACRES HARVESTED","TOTAL","NOT SPECIFIED","8,000",""
"SURVEY","2014","YEAR","","COUNTY","NORTH CAROLINA","37","SOUTHERN COASTAL","90","ONSLOW","133","","","00000000","","CORN","CORN, GRAIN - YIELD, MEASURED IN BU / ACRE","TOTAL","NOT SPECIFIED","130.6",""
"SURVEY","2014","YEAR","","COUNTY","NORTH CAROLINA","37","SOUTHERN COASTAL","90","OTHER (COMBINED) COUNTIES","","","","00000000","","CORN","CORN, GRAIN - ACRES HARVESTED","TOTAL","NOT SPECIFIED","102,100",""
"SURVEY","2014","YEAR","","COUNTY","NORTH CAROLINA","37","SOUTHERN COASTAL","90","OTHER (COMBINED) COUNTIES","","","","00000000","","CORN","CORN, GRAIN - YIELD, MEASURED IN BU / ACRE","TOTAL","NOT SPECIFIED","118.9",""
"SURVEY","2014","YEAR","","COUNTY","NORTH CAROLINA","37","SOUTHERN COASTAL","90","SCOTLAND","165","","","00000000","","CORN","CORN, GRAIN - ACRES HARVESTED","TOTAL","NOT SPECIFIED","5,900",""
"SURVEY","2014","YEAR","","COUNTY","NORTH CAROLINA","37","SOUTHERN COASTAL","90","SCOTLAND","165","","","00000000","","CORN","CORN, GRAIN - YIELD, MEASURED IN BU / ACRE","TOTAL","NOT SPECIFIED","110.8",""
"SURVEY","2014","YEAR","","COUNTY","NORTH CAROLINA","37","SOUTHERN PIEDMONT","60","ANSON","007","","","00000000","","CORN","CORN, GRAIN - ACRES HARVESTED","TOTAL","NOT SPECIFIED","8,800",""
"SURVEY","2014","YEAR","","COUNTY","NORTH CAROLINA","37","SOUTHERN PIEDMONT","60","ANSON","007","","","00000000","","CORN","CORN, GRAIN - YIELD, MEASURED IN BU / ACRE","TOTAL","NOT SPECIFIED","123",""
"SURVEY","2014","YEAR","","COUNTY","NORTH CAROLINA","37","SOUTHERN PIEDMONT","60","CABARRUS","025","","","00000000","","CORN","CORN, GRAIN - ACRES HARVESTED","TOTAL","NOT SPECIFIED","4,300",""
"SURVEY","2014","YEAR","","COUNTY","NORTH CAROLINA","37","SOUTHERN PIEDMONT","60","CABARRUS","025","","","00000000","","CORN","CORN, GRAIN - YIELD, MEASURED IN BU / ACRE","TOTAL","NOT SPECIFIED","137",""
"SURVEY","2014","YEAR","","COUNTY","NORTH CAROLINA","37","SOUTHERN PIEDMONT","60","CLEVELAND","045","","","00000000","","CORN","CORN, GRAIN - ACRES HARVESTED","TOTAL","NOT SPECIFIED","2,750",""
"SURVEY","2014","YEAR","","COUNTY","NORTH CAROLINA","37","SOUTHERN PIEDMONT","60","CLEVELAND","045","","","00000000","","CORN","CORN, GRAIN - YIELD, MEASURED IN BU / ACRE","TOTAL","NOT SPECIFIED","107.6",""
"SURVEY","2014","YEAR","","COUNTY","NORTH CAROLINA","37","SOUTHERN PIEDMONT","60","LINCOLN","109","","","00000000","","CORN","CORN, GRAIN - ACRES HARVESTED","TOTAL","NOT SPECIFIED","1,300",""
"SURVEY","2014","YEAR","","COUNTY","NORTH CAROLINA","37","SOUTHERN PIEDMONT","60","LINCOLN","109","","","00000000","","CORN","CORN, GRAIN - YIELD, MEASURED IN BU / ACRE","TOTAL","NOT SPECIFIED","113.8",""
"SURVEY","2014","YEAR","","COUNTY","NORTH CAROLINA","37","SOUTHERN PIEDMONT","60","MOORE","125","","","00000000","","CORN","CORN, GRAIN - ACRES HARVESTED","TOTAL","NOT SPECIFIED","1,280",""
"SURVEY","2014","YEAR","","COUNTY","NORTH CAROLINA","37","SOUTHERN PIEDMONT","60","MOORE","125","","","00000000","","CORN","CORN, GRAIN - YIELD, MEASURED IN BU / ACRE","TOTAL","NOT SPECIFIED","78.3",""
"SURVEY","2014","YEAR","","COUNTY","NORTH CAROLINA","37","SOUTHERN PIEDMONT","60","OTHER (COMBINED) COUNTIES","","","","00000000","","CORN","CORN, GRAIN - ACRES HARVESTED","TOTAL","NOT SPECIFIED","5,270",""
"SURVEY","2014","YEAR","","COUNTY","NORTH CAROLINA","37","SOUTHERN PIEDMONT","60","OTHER (COMBINED) COUNTIES","","","","00000000","","CORN","CORN, GRAIN - YIELD, MEASURED IN BU / ACRE","TOTAL","NOT SPECIFIED","105.3",""
"SURVEY","2014","YEAR","","COUNTY","NORTH CAROLINA","37","SOUTHERN PIEDMONT","60","STANLY","167","","","00000000","","CORN","CORN, GRAIN - ACRES HARVESTED","TOTAL","NOT SPECIFIED","12,300",""
"SURVEY","2014","YEAR","","COUNTY","NORTH CAROLINA","37","SOUTHERN PIEDMONT","60","STANLY","167","","","00000000","","CORN","CORN, GRAIN - YIELD, MEASURED IN BU / ACRE","TOTAL","NOT SPECIFIED","131.7",""
"SURVEY","2014","YEAR","","COUNTY","NORTH CAROLINA","37","SOUTHERN PIEDMONT","60","UNION","179","","","00000000","","CORN","CORN, GRAIN - ACRES HARVESTED","TOTAL","NOT SPECIFIED","32,000",""
"SURVEY","2014","YEAR","","COUNTY","NORTH CAROLINA","37","SOUTHERN PIEDMONT","60","UNION","179","","","00000000","","CORN","CORN, GRAIN - YIELD, MEASURED IN BU / ACRE","TOTAL","NOT SPECIFIED","134.8",""
"SURVEY","2014","YEAR","","COUNTY","NORTH CAROLINA","37","WESTERN MOUNTAIN","20","BUNCOMBE","021","","","00000000","","CORN","CORN, GRAIN - ACRES HARVESTED","TOTAL","NOT SPECIFIED","150",""
"SURVEY","2014","YEAR","","COUNTY","NORTH CAROLINA","37","WESTERN MOUNTAIN","20","BUNCOMBE","021","","","00000000","","CORN","CORN, GRAIN - YIELD, MEASURED IN BU / ACRE","TOTAL","NOT SPECIFIED","170",""
"SURVEY","2014","YEAR","","COUNTY","NORTH CAROLINA","37","WESTERN MOUNTAIN","20","BURKE","023","","","00000000","","CORN","CORN, GRAIN - ACRES HARVESTED","TOTAL","NOT SPECIFIED","1,100",""
"SURVEY","2014","YEAR","","COUNTY","NORTH CAROLINA","37","WESTERN MOUNTAIN","20","BURKE","023","","","00000000","","CORN","CORN, GRAIN - YIELD, MEASURED IN BU / ACRE","TOTAL","NOT SPECIFIED","100.5",""
"SURVEY","2014","YEAR","","COUNTY","NORTH CAROLINA","37","WESTERN MOUNTAIN","20","CHEROKEE","039","","","00000000","","CORN","CORN, GRAIN - ACRES HARVESTED","TOTAL","NOT SPECIFIED","570",""
"SURVEY","2014","YEAR","","COUNTY","NORTH CAROLINA","37","WESTERN MOUNTAIN","20","CHEROKEE","039","","","00000000","","CORN","CORN, GRAIN - YIELD, MEASURED IN BU / ACRE","TOTAL","NOT SPECIFIED","210.2",""
"SURVEY","2014","YEAR","","COUNTY","NORTH CAROLINA","37","WESTERN MOUNTAIN","20","HENDERSON","089","","","00000000","","CORN","CORN, GRAIN - ACRES HARVESTED","TOTAL","NOT SPECIFIED","1,900",""
"SURVEY","2014","YEAR","","COUNTY","NORTH CAROLINA","37","WESTERN MOUNTAIN","20","HENDERSON","089","","","00000000","","CORN","CORN, GRAIN - YIELD, MEASURED IN BU / ACRE","TOTAL","NOT SPECIFIED","168.4",""
"SURVEY","2014","YEAR","","COUNTY","NORTH CAROLINA","37","WESTERN MOUNTAIN","20","MACON","113","","","00000000","","CORN","CORN, GRAIN - ACRES HARVESTED","TOTAL","NOT SPECIFIED","470",""
"SURVEY","2014","YEAR","","COUNTY","NORTH CAROLINA","37","WESTERN MOUNTAIN","20","MACON","113","","","00000000","","CORN","CORN, GRAIN - YIELD, MEASURED IN BU / ACRE","TOTAL","NOT SPECIFIED","167.9",""
"SURVEY","2014","YEAR","","COUNTY","NORTH CAROLINA","37","WESTERN MOUNTAIN","20","MCDOWELL","111","","","00000000","","CORN","CORN, GRAIN - ACRES HARVESTED","TOTAL","NOT SPECIFIED","400",""
"SURVEY","2014","YEAR","","COUNTY","NORTH CAROLINA","37","WESTERN MOUNTAIN","20","MCDOWELL","111","","","00000000","","CORN","CORN, GRAIN - YIELD, MEASURED IN BU / ACRE","TOTAL","NOT SPECIFIED","111.5",""
"SURVEY","2014","YEAR","","COUNTY","NORTH CAROLINA","37","WESTERN MOUNTAIN","20","OTHER (COMBINED) COUNTIES","","","","00000000","","CORN","CORN, GRAIN - ACRES HARVESTED","TOTAL","NOT SPECIFIED","2,470",""
"SURVEY","2014","YEAR","","COUNTY","NORTH CAROLINA","37","WESTERN MOUNTAIN","20","OTHER (COMBINED) COUNTIES","","","","00000000","","CORN","CORN, GRAIN - YIELD, MEASURED IN BU / ACRE","TOTAL","NOT SPECIFIED","133.6",""
"SURVEY","2014","YEAR","","COUNTY","NORTH CAROLINA","37","WESTERN MOUNTAIN","20","RUTHERFORD","161","","","00000000","","CORN","CORN, GRAIN - ACRES HARVESTED","TOTAL","NOT SPECIFIED","440",""
"SURVEY","2014","YEAR","","COUNTY","NORTH CAROLINA","37","WESTERN MOUNTAIN","20","RUTHERFORD","161","","","00000000","","CORN","CORN, GRAIN - YIELD, MEASURED IN BU / ACRE","TOTAL","NOT SPECIFIED","103.6",""
